疼痛,,,8500,名詞,一般,*,*,*,*,*,トウツウ,トウツウ,1/4,*
発熱,,,8500,名詞,一般,*,*,*,*,*,ハツネツ,ハツネツ,1/4,*
嘔気,,,8500,名詞,一般,*,*,*,*,*,オウキ,オウキ,1/3,*
出血,,,8500,名詞,一般,*,*,*,*,*,シュッケツ,シュッケツ,1/4,*
糖尿病,,,8500,名詞,一般,*,*,*,*,*,トウニョウビョウ,トウニョウビョウ,1/6,*
発赤,,,8500,名詞,一般,*,*,*,*,*,ホッセキ,ホッセキ,1/4,*
浮腫,,,8500,名詞,一般,*,*,*,*,*,フシュ,フシュ,1/2,*
頭痛,,,8500,名詞,一般,*,*,*,*,*,ズツウ,ズツウ,1/3,*
貧血,,,8500,名詞,一般,*,*,*,*,*,ヒンケツ,ヒンケツ,1/4,*
圧痛,,,8500,名詞,一般,*,*,*,*,*,アッツウ,アッツウ,1/4,*
肺炎,,,8500,名詞,一般,*,*,*,*,*,ハイエン,ハイエン,1/4,*
倦怠感,,,8500,名詞,一般,*,*,*,*,*,ケンタイカン,ケンタイカン,1/6,*
脳梗塞,,,8500,名詞,一般,*,*,*,*,*,ノウコウソク,ノウコウソク,1/6,*
腫瘍,,,8500,名詞,一般,*,*,*,*,*,シュヨウ,シュヨウ,1/3,*
脂質異常症,,,8500,名詞,一般,*,*,*,*,*,シシツイジョウショウ,シシツイジョウショウ,1/8,*
腫瘤,,,8500,名詞,一般,*,*,*,*,*,シュリュウ,シュリュウ,1/3,*
低血糖,,,8500,名詞,一般,*,*,*,*,*,テイケットウ,テイケットウ,1/6,*
心不全,,,8500,名詞,一般,*,*,*,*,*,シンフゼン,シンフゼン,1/5,*
２型糖尿病,,,8500,名詞,一般,*,*,*,*,*,ニガタトウニョウビョウ,ニガタトウニョウビョウ,1/9,*
白内障,,,8500,名詞,一般,*,*,*,*,*,ハクナイショウ,ハクナイショウ,1/6,*
胃癌,,,8500,名詞,一般,*,*,*,*,*,イガン,イガン,1/3,*
高血圧症,,,8500,名詞,一般,*,*,*,*,*,コウケツアツショウ,コウケツアツショウ,1/8,*
間質性肺炎,,,8500,名詞,一般,*,*,*,*,*,カンシツセイハイエン,カンシツセイハイエン,1/10,*
胸痛,,,8500,名詞,一般,*,*,*,*,*,キョウツウ,キョウツウ,1/4,*
めまい,,,8500,名詞,一般,*,*,*,*,*,メマイ,メマイ,1/3,*
意識障害,,,8500,名詞,一般,*,*,*,*,*,イシキショウガイ,イシキショウガイ,1/7,*
誤嚥性肺炎,,,8500,名詞,一般,*,*,*,*,*,ゴエンセイハイエン,ゴエンセイハイエン,1/9,*
高脂血症,,,8500,名詞,一般,*,*,*,*,*,コウシケッショウ,コウシケッショウ,1/7,*
子宮筋腫,,,8500,名詞,一般,*,*,*,*,*,シキュウキンシュ,シキュウキンシュ,1/6,*
前立腺癌,,,8500,名詞,一般,*,*,*,*,*,ゼンリツセンガン,ゼンリツセンガン,1/8,*
食欲不振,,,8500,名詞,一般,*,*,*,*,*,ショクヨクフシン,ショクヨクフシン,1/7,*
動悸,,,8500,名詞,一般,*,*,*,*,*,ドウキ,ドウキ,1/3,*
下血,,,8500,名詞,一般,*,*,*,*,*,ゲケツ,ゲケツ,1/3,*
微熱,,,8500,名詞,一般,*,*,*,*,*,ビネツ,ビネツ,1/3,*
関節痛,,,8500,名詞,一般,*,*,*,*,*,カンセツツウ,カンセツツウ,1/6,*
肝障害,,,8500,名詞,一般,*,*,*,*,*,カンショウガイ,カンショウガイ,1/6,*
直腸癌,,,8500,名詞,一般,*,*,*,*,*,チョクチョウガン,チョクチョウガン,1/6,*
認知症,,,8500,名詞,一般,*,*,*,*,*,ニンチショウ,ニンチショウ,1/5,*
骨粗鬆症,,,8500,名詞,一般,*,*,*,*,*,コツソショウショウ,コツソショウショウ,1/7,*
口内炎,,,8500,名詞,一般,*,*,*,*,*,コウナイエン,コウナイエン,1/6,*
嚥下障害,,,8500,名詞,一般,*,*,*,*,*,エンゲショウガイ,エンゲショウガイ,1/7,*
狭心症,,,8500,名詞,一般,*,*,*,*,*,キョウシンショウ,キョウシンショウ,1/6,*
息切れ,,,8500,名詞,一般,*,*,*,*,*,イキギレ,イキギレ,1/4,*
構音障害,,,8500,名詞,一般,*,*,*,*,*,コウオンショウガイ,コウオンショウガイ,1/8,*
食道癌,,,8500,名詞,一般,*,*,*,*,*,ショクドウガン,ショクドウガン,1/6,*
高尿酸血症,,,8500,名詞,一般,*,*,*,*,*,コウニョウサンケッショウ,コウニョウサンケッショウ,1/10,*
虫垂炎,,,8500,名詞,一般,*,*,*,*,*,チュウスイエン,チュウスイエン,1/6,*
喀痰,,,8500,名詞,一般,*,*,*,*,*,カクタン,カクタン,1/4,*
統合失調症,,,8500,名詞,一般,*,*,*,*,*,トウゴウシッチョウショウ,トウゴウシッチョウショウ,1/10,*
胆管炎,,,8500,名詞,一般,*,*,*,*,*,タンカンエン,タンカンエン,1/6,*
下腿浮腫,,,8500,名詞,一般,*,*,*,*,*,カタイフシュ,カタイフシュ,1/5,*
アレルギー,,,8500,名詞,一般,*,*,*,*,*,アレルギー,アレルギー,1/5,*
気管支喘息,,,8500,名詞,一般,*,*,*,*,*,キカンシゼンソク,キカンシゼンソク,1/8,*
不整脈,,,8500,名詞,一般,*,*,*,*,*,フセイミャク,フセイミャク,1/5,*
発疹,,,8500,名詞,一般,*,*,*,*,*,ホッシン,ホッシン,1/4,*
うつ病,,,8500,名詞,一般,*,*,*,*,*,ウツビョウ,ウツビョウ,1/4,*
肝機能障害,,,8500,名詞,一般,*,*,*,*,*,カンキノウショウガイ,カンキノウショウガイ,1/9,*
咽頭痛,,,8500,名詞,一般,*,*,*,*,*,イントウツウ,イントウツウ,1/6,*
心房細動,,,8500,名詞,一般,*,*,*,*,*,シンボウサイドウ,シンボウサイドウ,1/8,*
網膜症,,,8500,名詞,一般,*,*,*,*,*,モウマクショウ,モウマクショウ,1/6,*
呼吸困難,,,8500,名詞,一般,*,*,*,*,*,コキュウコンナン,コキュウコンナン,1/7,*
リンパ節腫大,,,8500,名詞,一般,*,*,*,*,*,リンパセツシュダイ,リンパセツシュダイ,1/8,*
肺癌,,,8500,名詞,一般,*,*,*,*,*,ハイガン,ハイガン,1/4,*
緑内障,,,8500,名詞,一般,*,*,*,*,*,リョクナイショウ,リョクナイショウ,1/6,*
胸水貯留,,,8500,名詞,一般,*,*,*,*,*,キョウスイチョリュウ,キョウスイチョリュウ,1/7,*
血尿,,,8500,名詞,一般,*,*,*,*,*,ケツニョウ,ケツニョウ,1/4,*
逆流性食道炎,,,8500,名詞,一般,*,*,*,*,*,ギャクリュウセイショクドウエン,ギャクリュウセイショクドウエン,1/12,*
関節リウマチ,,,8500,名詞,一般,*,*,*,*,*,カンセツリウマチ,カンセツリウマチ,1/8,*
慢性胃炎,,,8500,名詞,一般,*,*,*,*,*,マンセイイエン,マンセイイエン,1/7,*
腹部膨満,,,8500,名詞,一般,*,*,*,*,*,フクブボウマン,フクブボウマン,1/7,*
痙攣,,,8500,名詞,一般,*,*,*,*,*,ケイレン,ケイレン,1/4,*
せん妄,,,8500,名詞,一般,*,*,*,*,*,センモウ,センモウ,1/4,*
イレウス,,,8500,名詞,一般,*,*,*,*,*,イレウス,イレウス,1/4,*
悪性腫瘍,,,8500,名詞,一般,*,*,*,*,*,アクセイシュヨウ,アクセイシュヨウ,1/7,*
下肢浮腫,,,8500,名詞,一般,*,*,*,*,*,カシフシュ,カシフシュ,1/4,*
血腫,,,8500,名詞,一般,*,*,*,*,*,ケッシュ,ケッシュ,1/3,*
帯状疱疹,,,8500,名詞,一般,*,*,*,*,*,タイジョウホウシン,タイジョウホウシン,1/8,*
背部痛,,,8500,名詞,一般,*,*,*,*,*,ハイブツウ,ハイブツウ,1/5,*
薬疹,,,8500,名詞,一般,*,*,*,*,*,ヤクシン,ヤクシン,1/4,*
甲状腺機能低下症,,,8500,名詞,一般,*,*,*,*,*,コウジョウセンキノウテイカショウ,コウジョウセンキノウテイカショウ,1/14,*
蜂窩織炎,,,8500,名詞,一般,*,*,*,*,*,ホウカシキエン,ホウカシキエン,1/7,*
疲労感,,,8500,名詞,一般,*,*,*,*,*,ヒロウカン,ヒロウカン,1/5,*
胃潰瘍,,,8500,名詞,一般,*,*,*,*,*,イカイヨウ,イカイヨウ,1/5,*
大腸ポリープ,,,8500,名詞,一般,*,*,*,*,*,ダイチョウポリープ,ダイチョウポリープ,1/8,*
褥瘡,,,8500,名詞,一般,*,*,*,*,*,ジョクソウ,ジョクソウ,1/4,*
Ｓ状結腸癌,,,8500,名詞,一般,*,*,*,*,*,エスジョウケッチョウガン,エスジョウケッチョウガン,1/10,*
慢性腎不全,,,8500,名詞,一般,*,*,*,*,*,マンセイジンフゼン,マンセイジンフゼン,1/9,*
難聴,,,8500,名詞,一般,*,*,*,*,*,ナンチョウ,ナンチョウ,1/4,*
骨折,,,8500,名詞,一般,*,*,*,*,*,コッセツ,コッセツ,1/4,*
大腸癌,,,8500,名詞,一般,*,*,*,*,*,ダイチョウガン,ダイチョウガン,1/6,*
心筋梗塞,,,8500,名詞,一般,*,*,*,*,*,シンキンコウソク,シンキンコウソク,1/8,*
乳癌,,,8500,名詞,一般,*,*,*,*,*,ニュウガン,ニュウガン,1/4,*
血便,,,8500,名詞,一般,*,*,*,*,*,ケツベン,ケツベン,1/4,*
意識消失,,,8500,名詞,一般,*,*,*,*,*,イシキショウシツ,イシキショウシツ,1/7,*
腰部脊柱管狭窄症,,,8500,名詞,一般,*,*,*,*,*,ヨウブセキチュウカンキョウサクショウ,ヨウブセキチュウカンキョウサクショウ,1/15,*
慢性心不全,,,8500,名詞,一般,*,*,*,*,*,マンセイシンフゼン,マンセイシンフゼン,1/9,*
腹膜播種,,,8500,名詞,一般,*,*,*,*,*,フクマクハシュ,フクマクハシュ,1/6,*
てんかん,,,8500,名詞,一般,*,*,*,*,*,テンカン,テンカン,1/4,*
虚血性心疾患,,,8500,名詞,一般,*,*,*,*,*,キョケツセイシンシッカン,キョケツセイシンシッカン,1/11,*
悪性リンパ腫,,,8500,名詞,一般,*,*,*,*,*,アクセイリンパシュ,アクセイリンパシュ,1/8,*
消化管出血,,,8500,名詞,一般,*,*,*,*,*,ショウカカンシュッケツ,ショウカカンシュッケツ,1/9,*
鼻汁,,,8500,名詞,一般,*,*,*,*,*,ビジュウ,ビジュウ,1/3,*
腎不全,,,8500,名詞,一般,*,*,*,*,*,ジンフゼン,ジンフゼン,1/5,*
腎障害,,,8500,名詞,一般,*,*,*,*,*,ジンショウガイ,ジンショウガイ,1/6,*
湿疹,,,8500,名詞,一般,*,*,*,*,*,シッシン,シッシン,1/4,*
悪心,,,8500,名詞,一般,*,*,*,*,*,オシン,オシン,1/3,*
リンパ節転移,,,8500,名詞,一般,*,*,*,*,*,リンパセツテンイ,リンパセツテンイ,1/8,*
損傷,,,8500,名詞,一般,*,*,*,*,*,ソンショウ,ソンショウ,1/4,*
全身倦怠感,,,8500,名詞,一般,*,*,*,*,*,ゼンシンケンタイカン,ゼンシンケンタイカン,1/10,*
子宮体癌,,,8500,名詞,一般,*,*,*,*,*,シキュウタイガン,シキュウタイガン,1/7,*
萎縮性胃炎,,,8500,名詞,一般,*,*,*,*,*,イシュクセイイエン,イシュクセイイエン,1/8,*
膀胱癌,,,8500,名詞,一般,*,*,*,*,*,ボウコウガン,ボウコウガン,1/6,*
強皮症,,,8500,名詞,一般,*,*,*,*,*,キョウヒショウ,キョウヒショウ,1/5,*
早期胃癌,,,8500,名詞,一般,*,*,*,*,*,ソウキイガン,ソウキイガン,1/6,*
咽頭発赤,,,8500,名詞,一般,*,*,*,*,*,イントウホッセキ,イントウホッセキ,1/8,*
下咽頭癌,,,8500,名詞,一般,*,*,*,*,*,カイントウガン,カイントウガン,1/7,*
圧迫骨折,,,8500,名詞,一般,*,*,*,*,*,アッパクコッセツ,アッパクコッセツ,1/8,*
肝細胞癌,,,8500,名詞,一般,*,*,*,*,*,カンサイボウガン,カンサイボウガン,1/8,*
末梢神経障害,,,8500,名詞,一般,*,*,*,*,*,マッショウシンケイショウガイ,マッショウシンケイショウガイ,1/12,*
糖尿病性腎症,,,8500,名詞,一般,*,*,*,*,*,トウニョウビョウセイジンショウ,トウニョウビョウセイジンショウ,1/12,*
心雑音,,,8500,名詞,一般,*,*,*,*,*,シンザツオン,シンザツオン,1/6,*
腎盂腎炎,,,8500,名詞,一般,*,*,*,*,*,ジンウジンエン,ジンウジンエン,1/7,*
心窩部痛,,,8500,名詞,一般,*,*,*,*,*,シンカブツウ,シンカブツウ,1/6,*
喘鳴,,,8500,名詞,一般,*,*,*,*,*,ゼンメイ,ゼンメイ,1/4,*
尿路感染症,,,8500,名詞,一般,*,*,*,*,*,ニョウロカンセンショウ,ニョウロカンセンショウ,1/9,*
鉄欠乏性貧血,,,8500,名詞,一般,*,*,*,*,*,テツケツボウセイヒンケツ,テツケツボウセイヒンケツ,1/12,*
黄疸,,,8500,名詞,一般,*,*,*,*,*,オウダン,オウダン,1/4,*
歩行困難,,,8500,名詞,一般,*,*,*,*,*,ホコウコンナン,ホコウコンナン,1/7,*
徐脈,,,8500,名詞,一般,*,*,*,*,*,ジョミャク,ジョミャク,1/3,*
嗄声,,,8500,名詞,一般,*,*,*,*,*,サセイ,サセイ,1/3,*
悪寒,,,8500,名詞,一般,*,*,*,*,*,オカン,オカン,1/3,*
筋肉痛,,,8500,名詞,一般,*,*,*,*,*,キンニクツウ,キンニクツウ,1/6,*
ポリープ,,,8500,名詞,一般,*,*,*,*,*,ポリープ,ポリープ,1/4,*
栄養障害,,,8500,名詞,一般,*,*,*,*,*,エイヨウショウガイ,エイヨウショウガイ,1/8,*
歩行障害,,,8500,名詞,一般,*,*,*,*,*,ホコウショウガイ,ホコウショウガイ,1/7,*
副鼻腔炎,,,8500,名詞,一般,*,*,*,*,*,フクビクウエン,フクビクウエン,1/7,*
残尿感,,,8500,名詞,一般,*,*,*,*,*,ザンニョウカン,ザンニョウカン,1/6,*
花粉症,,,8500,名詞,一般,*,*,*,*,*,カフンショウ,カフンショウ,1/5,*
十二指腸潰瘍,,,8500,名詞,一般,*,*,*,*,*,ジュウニシチョウカイヨウ,ジュウニシチョウカイヨウ,1/10,*
腰椎圧迫骨折,,,8500,名詞,一般,*,*,*,*,*,ヨウツイアッパクコッセツ,ヨウツイアッパクコッセツ,1/12,*
膠原病,,,8500,名詞,一般,*,*,*,*,*,コウゲンビョウ,コウゲンビョウ,1/6,*
肺気腫,,,8500,名詞,一般,*,*,*,*,*,ハイキシュ,ハイキシュ,1/4,*
血痰,,,8500,名詞,一般,*,*,*,*,*,ケッタン,ケッタン,1/4,*
皮膚筋炎,,,8500,名詞,一般,*,*,*,*,*,ヒフキンエン,ヒフキンエン,1/6,*
卵巣癌,,,8500,名詞,一般,*,*,*,*,*,ランソウガン,ランソウガン,1/6,*
前立腺肥大症,,,8500,名詞,一般,*,*,*,*,*,ゼンリツセンヒダイショウ,ゼンリツセンヒダイショウ,1/11,*
脳出血,,,8500,名詞,一般,*,*,*,*,*,ノウシュッケツ,ノウシュッケツ,1/6,*
潰瘍性大腸炎,,,8500,名詞,一般,*,*,*,*,*,カイヨウセイダイチョウエン,カイヨウセイダイチョウエン,1/12,*
敗血症,,,8500,名詞,一般,*,*,*,*,*,ハイケツショウ,ハイケツショウ,1/6,*
黒色便,,,8500,名詞,一般,*,*,*,*,*,コクショクベン,コクショクベン,1/6,*
心拡大,,,8500,名詞,一般,*,*,*,*,*,シンカクダイ,シンカクダイ,1/6,*
食道静脈瘤,,,8500,名詞,一般,*,*,*,*,*,ショクドウジョウミャクリュウ,ショクドウジョウミャクリュウ,1/10,*
肉眼的血尿,,,8500,名詞,一般,*,*,*,*,*,ニクガンテキケツニョウ,ニクガンテキケツニョウ,1/10,*
胃痛,,,8500,名詞,一般,*,*,*,*,*,イツウ,イツウ,1/3,*
無気肺,,,8500,名詞,一般,*,*,*,*,*,ムキハイ,ムキハイ,1/4,*
脊柱管狭窄症,,,8500,名詞,一般,*,*,*,*,*,セキチュウカンキョウサクショウ,セキチュウカンキョウサクショウ,1/12,*
関節炎,,,8500,名詞,一般,*,*,*,*,*,カンセツエン,カンセツエン,1/6,*
結核,,,8500,名詞,一般,*,*,*,*,*,ケッカク,ケッカク,1/4,*
皮下気腫,,,8500,名詞,一般,*,*,*,*,*,ヒカキシュ,ヒカキシュ,1/4,*
総胆管結石,,,8500,名詞,一般,*,*,*,*,*,ソウタンカンケッセキ,ソウタンカンケッセキ,1/10,*
肝性脳症,,,8500,名詞,一般,*,*,*,*,*,カンセイノウショウ,カンセイノウショウ,1/8,*
腎性貧血,,,8500,名詞,一般,*,*,*,*,*,ジンセイヒンケツ,ジンセイヒンケツ,1/8,*
幻聴,,,8500,名詞,一般,*,*,*,*,*,ゲンチョウ,ゲンチョウ,1/4,*
Ｃ型肝炎,,,8500,名詞,一般,*,*,*,*,*,シーガタカンエン,シーガタカンエン,1/8,*
膵癌,,,8500,名詞,一般,*,*,*,*,*,スイガン,スイガン,1/4,*
サルコイドーシス,,,8500,名詞,一般,*,*,*,*,*,サルコイドーシス,サルコイドーシス,1/8,*
下肢痛,,,8500,名詞,一般,*,*,*,*,*,カシツウ,カシツウ,1/4,*
痙攣発作,,,8500,名詞,一般,*,*,*,*,*,ケイレンホッサ,ケイレンホッサ,1/7,*
水腎症,,,8500,名詞,一般,*,*,*,*,*,スイジンショウ,スイジンショウ,1/6,*
電解質異常,,,8500,名詞,一般,*,*,*,*,*,デンカイシツイジョウ,デンカイシツイジョウ,1/9,*
脂肪肝,,,8500,名詞,一般,*,*,*,*,*,シボウカン,シボウカン,1/5,*
動脈瘤,,,8500,名詞,一般,*,*,*,*,*,ドウミャクリュウ,ドウミャクリュウ,1/6,*
睡眠障害,,,8500,名詞,一般,*,*,*,*,*,スイミンショウガイ,スイミンショウガイ,1/8,*
発作性心房細動,,,8500,名詞,一般,*,*,*,*,*,ホッサセイシンボウサイドウ,ホッサセイシンボウサイドウ,1/13,*
全身性強皮症,,,8500,名詞,一般,*,*,*,*,*,ゼンシンセイキョウヒショウ,ゼンシンセイキョウヒショウ,1/11,*
膵炎,,,8500,名詞,一般,*,*,*,*,*,スイエン,スイエン,1/4,*
味覚障害,,,8500,名詞,一般,*,*,*,*,*,ミカクショウガイ,ミカクショウガイ,1/7,*
リンパ腫,,,8500,名詞,一般,*,*,*,*,*,リンパシュ,リンパシュ,1/4,*
排尿障害,,,8500,名詞,一般,*,*,*,*,*,ハイニョウショウガイ,ハイニョウショウガイ,1/8,*
気胸,,,8500,名詞,一般,*,*,*,*,*,キキョウ,キキョウ,1/3,*
子宮腺筋症,,,8500,名詞,一般,*,*,*,*,*,シキュウセンキンショウ,シキュウセンキンショウ,1/9,*
中咽頭癌,,,8500,名詞,一般,*,*,*,*,*,チュウイントウガン,チュウイントウガン,1/8,*
膿瘍,,,8500,名詞,一般,*,*,*,*,*,ノウヨウ,ノウヨウ,1/4,*
腹部大動脈瘤,,,8500,名詞,一般,*,*,*,*,*,フクブダイドウミャクリュウ,フクブダイドウミャクリュウ,1/11,*
外傷,,,8500,名詞,一般,*,*,*,*,*,ガイショウ,ガイショウ,1/4,*
複視,,,8500,名詞,一般,*,*,*,*,*,フクシ,フクシ,1/3,*
膀胱炎,,,8500,名詞,一般,*,*,*,*,*,ボウコウエン,ボウコウエン,1/6,*
眼振,,,8500,名詞,一般,*,*,*,*,*,ガンシン,ガンシン,1/4,*
髄膜炎,,,8500,名詞,一般,*,*,*,*,*,ズイマクエン,ズイマクエン,1/6,*
睡眠時無呼吸症候群,,,8500,名詞,一般,*,*,*,*,*,スイミンジムコキュウショウコウグン,スイミンジムコキュウショウコウグン,1/15,*
慢性腎臓病,,,8500,名詞,一般,*,*,*,*,*,マンセイジンゾウビョウ,マンセイジンゾウビョウ,1/10,*
シェーグレン症候群,,,8500,名詞,一般,*,*,*,*,*,シェーグレンショウコウグン,シェーグレンショウコウグン,1/11,*
陳旧性脳梗塞,,,8500,名詞,一般,*,*,*,*,*,チンキュウセイノウコウソク,チンキュウセイノウコウソク,1/12,*
心電図異常,,,8500,名詞,一般,*,*,*,*,*,シンデンズイジョウ,シンデンズイジョウ,1/8,*
細菌性肺炎,,,8500,名詞,一般,*,*,*,*,*,サイキンセイハイエン,サイキンセイハイエン,1/10,*
失語症,,,8500,名詞,一般,*,*,*,*,*,シツゴショウ,シツゴショウ,1/5,*
尋常性乾癬,,,8500,名詞,一般,*,*,*,*,*,ジンジョウセイカンセン,ジンジョウセイカンセン,1/10,*
肺高血圧症,,,8500,名詞,一般,*,*,*,*,*,ハイコウケツアツショウ,ハイコウケツアツショウ,1/10,*
水頭症,,,8500,名詞,一般,*,*,*,*,*,スイトウショウ,スイトウショウ,1/6,*
変形性股関節症,,,8500,名詞,一般,*,*,*,*,*,ヘンケイセイコカンセツショウ,ヘンケイセイコカンセツショウ,1/13,*
廃用症候群,,,8500,名詞,一般,*,*,*,*,*,ハイヨウショウコウグン,ハイヨウショウコウグン,1/10,*
血管腫,,,8500,名詞,一般,*,*,*,*,*,ケッカンシュ,ケッカンシュ,1/5,*
尿閉,,,8500,名詞,一般,*,*,*,*,*,ニョウヘイ,ニョウヘイ,1/4,*
慢性膵炎,,,8500,名詞,一般,*,*,*,*,*,マンセイスイエン,マンセイスイエン,1/8,*
硬結,,,8500,名詞,一般,*,*,*,*,*,コウケツ,コウケツ,1/4,*
うっ血性心不全,,,8500,名詞,一般,*,*,*,*,*,ウッケツセイシンフゼン,ウッケツセイシンフゼン,1/11,*
アトピー性皮膚炎,,,8500,名詞,一般,*,*,*,*,*,アトピーセイヒフエン,アトピーセイヒフエン,1/10,*
急性膵炎,,,8500,名詞,一般,*,*,*,*,*,キュウセイスイエン,キュウセイスイエン,1/8,*
皮下出血,,,8500,名詞,一般,*,*,*,*,*,ヒカシュッケツ,ヒカシュッケツ,1/6,*
表皮剥離,,,8500,名詞,一般,*,*,*,*,*,ヒョウヒハクリ,ヒョウヒハクリ,1/6,*
蛋白尿,,,8500,名詞,一般,*,*,*,*,*,タンパクニョウ,タンパクニョウ,1/6,*
閉塞性黄疸,,,8500,名詞,一般,*,*,*,*,*,ヘイソクセイオウダン,ヘイソクセイオウダン,1/10,*
呼吸不全,,,8500,名詞,一般,*,*,*,*,*,コキュウフゼン,コキュウフゼン,1/6,*
甲状腺乳頭癌,,,8500,名詞,一般,*,*,*,*,*,コウジョウセンニュウトウガン,コウジョウセンニュウトウガン,1/12,*
不眠症,,,8500,名詞,一般,*,*,*,*,*,フミンショウ,フミンショウ,1/5,*
菌血症,,,8500,名詞,一般,*,*,*,*,*,キンケツショウ,キンケツショウ,1/6,*
食道裂孔ヘルニア,,,8500,名詞,一般,*,*,*,*,*,ショクドウレッコウヘルニア,ショクドウレッコウヘルニア,1/12,*
心疾患,,,8500,名詞,一般,*,*,*,*,*,シンシッカン,シンシッカン,1/6,*
慢性心房細動,,,8500,名詞,一般,*,*,*,*,*,マンセイシンボウサイドウ,マンセイシンボウサイドウ,1/12,*
子宮頚癌,,,8500,名詞,一般,*,*,*,*,*,シキュウケイガン,シキュウケイガン,1/7,*
リンパ浮腫,,,8500,名詞,一般,*,*,*,*,*,リンパフシュ,リンパフシュ,1/5,*
喉頭癌,,,8500,名詞,一般,*,*,*,*,*,コウトウガン,コウトウガン,1/6,*
不安定狭心症,,,8500,名詞,一般,*,*,*,*,*,フアンテイキョウシンショウ,フアンテイキョウシンショウ,1/11,*
陳旧性心筋梗塞,,,8500,名詞,一般,*,*,*,*,*,チンキュウセイシンキンコウソク,チンキュウセイシンキンコウソク,1/14,*
高次脳機能障害,,,8500,名詞,一般,*,*,*,*,*,コウジノウキノウショウガイ,コウジノウキノウショウガイ,1/12,*
筋性防御,,,8500,名詞,一般,*,*,*,*,*,キンセイボウギョ,キンセイボウギョ,1/7,*
振戦,,,8500,名詞,一般,*,*,*,*,*,シンセン,シンセン,1/4,*
子宮内膜症,,,8500,名詞,一般,*,*,*,*,*,シキュウナイマクショウ,シキュウナイマクショウ,1/9,*
パーキンソン病,,,8500,名詞,一般,*,*,*,*,*,パーキンソンビョウ,パーキンソンビョウ,1/8,*
高熱,,,8500,名詞,一般,*,*,*,*,*,コウネツ,コウネツ,1/4,*
見当識障害,,,8500,名詞,一般,*,*,*,*,*,ケントウシキショウガイ,ケントウシキショウガイ,1/10,*
中耳炎,,,8500,名詞,一般,*,*,*,*,*,チュウジエン,チュウジエン,1/5,*
アレルギー性鼻炎,,,8500,名詞,一般,*,*,*,*,*,アレルギーセイビエン,アレルギーセイビエン,1/10,*
上行結腸癌,,,8500,名詞,一般,*,*,*,*,*,ジョウコウケッチョウガン,ジョウコウケッチョウガン,1/10,*
術後合併症,,,8500,名詞,一般,*,*,*,*,*,ジュツゴガッペイショウ,ジュツゴガッペイショウ,1/9,*
１型糖尿病,,,8500,名詞,一般,*,*,*,*,*,イチガタトウニョウビョウ,イチガタトウニョウビョウ,1/10,*
多発性骨髄腫,,,8500,名詞,一般,*,*,*,*,*,タハツセイコツズイシュ,タハツセイコツズイシュ,1/10,*
骨髄炎,,,8500,名詞,一般,*,*,*,*,*,コツズイエン,コツズイエン,1/6,*
腎硬化症,,,8500,名詞,一般,*,*,*,*,*,ジンコウカショウ,ジンコウカショウ,1/7,*
アルツハイマー型認知症,,,8500,名詞,一般,*,*,*,*,*,アルツハイマーガタニンチショウ,アルツハイマーガタニンチショウ,1/14,*
耐糖能異常,,,8500,名詞,一般,*,*,*,*,*,タイトウノウイジョウ,タイトウノウイジョウ,1/9,*
卵巣腫瘍,,,8500,名詞,一般,*,*,*,*,*,ランソウシュヨウ,ランソウシュヨウ,1/7,*
しびれ感,,,8500,名詞,一般,*,*,*,*,*,シビレカン,シビレカン,1/5,*
鈍痛,,,8500,名詞,一般,*,*,*,*,*,ドンツウ,ドンツウ,1/4,*
腹膜炎,,,8500,名詞,一般,*,*,*,*,*,フクマクエン,フクマクエン,1/6,*
肺水腫,,,8500,名詞,一般,*,*,*,*,*,ハイスイシュ,ハイスイシュ,1/5,*
膵頭部癌,,,8500,名詞,一般,*,*,*,*,*,スイトウブガン,スイトウブガン,1/7,*
閉塞性動脈硬化症,,,8500,名詞,一般,*,*,*,*,*,ヘイソクセイドウミャクコウカショウ,ヘイソクセイドウミャクコウカショウ,1/15,*
ネフローゼ症候群,,,8500,名詞,一般,*,*,*,*,*,ネフローゼショウコウグン,ネフローゼショウコウグン,1/11,*
片頭痛,,,8500,名詞,一般,*,*,*,*,*,ヘンズツウ,ヘンズツウ,1/5,*
原発性肺癌,,,8500,名詞,一般,*,*,*,*,*,ゲンパツセイハイガン,ゲンパツセイハイガン,1/10,*
変形性膝関節症,,,8500,名詞,一般,*,*,*,*,*,ヘンケイセイシツカンセツショウ,ヘンケイセイシツカンセツショウ,1/14,*
筋力低下,,,8500,名詞,一般,*,*,*,*,*,キンリョクテイカ,キンリョクテイカ,1/7,*
吐血,,,8500,名詞,一般,*,*,*,*,*,トケツ,トケツ,1/3,*
肥満症,,,8500,名詞,一般,*,*,*,*,*,ヒマンショウ,ヒマンショウ,1/5,*
椎間板ヘルニア,,,8500,名詞,一般,*,*,*,*,*,ツイカンバンヘルニア,ツイカンバンヘルニア,1/10,*
気管支炎,,,8500,名詞,一般,*,*,*,*,*,キカンシエン,キカンシエン,1/6,*
症候性てんかん,,,8500,名詞,一般,*,*,*,*,*,ショウコウセイテンカン,ショウコウセイテンカン,1/10,*
瘢痕,,,8500,名詞,一般,*,*,*,*,*,ハンコン,ハンコン,1/4,*
静脈瘤,,,8500,名詞,一般,*,*,*,*,*,ジョウミャクリュウ,ジョウミャクリュウ,1/6,*
切迫早産,,,8500,名詞,一般,*,*,*,*,*,セッパクソウザン,セッパクソウザン,1/8,*
排尿困難,,,8500,名詞,一般,*,*,*,*,*,ハイニョウコンナン,ハイニョウコンナン,1/8,*
肺結核,,,8500,名詞,一般,*,*,*,*,*,ハイケッカク,ハイケッカク,1/6,*
脱力感,,,8500,名詞,一般,*,*,*,*,*,ダツリョクカン,ダツリョクカン,1/6,*
肺腺癌,,,8500,名詞,一般,*,*,*,*,*,ハイセンガン,ハイセンガン,1/6,*
小児喘息,,,8500,名詞,一般,*,*,*,*,*,ショウニゼンソク,ショウニゼンソク,1/7,*
内出血,,,8500,名詞,一般,*,*,*,*,*,ナイシュッケツ,ナイシュッケツ,1/6,*
回転性めまい,,,8500,名詞,一般,*,*,*,*,*,カイテンセイメマイ,カイテンセイメマイ,1/9,*
横行結腸癌,,,8500,名詞,一般,*,*,*,*,*,オウコウケッチョウガン,オウコウケッチョウガン,1/10,*
頻呼吸,,,8500,名詞,一般,*,*,*,*,*,ヒンコキュウ,ヒンコキュウ,1/5,*
癌性疼痛,,,8500,名詞,一般,*,*,*,*,*,ガンセイトウツウ,ガンセイトウツウ,1/8,*
甲状腺癌,,,8500,名詞,一般,*,*,*,*,*,コウジョウセンガン,コウジョウセンガン,1/8,*
肝膿瘍,,,8500,名詞,一般,*,*,*,*,*,カンノウヨウ,カンノウヨウ,1/6,*
腸炎,,,8500,名詞,一般,*,*,*,*,*,チョウエン,チョウエン,1/4,*
正球性正色素性貧血,,,8500,名詞,一般,*,*,*,*,*,セイキュウセイセイシキソセイヒンケツ,セイキュウセイセイシキソセイヒンケツ,1/17,*
感染性心内膜炎,,,8500,名詞,一般,*,*,*,*,*,カンセンセイシンナイマクエン,カンセンセイシンナイマクエン,1/14,*
脾腫,,,8500,名詞,一般,*,*,*,*,*,ヒシュ,ヒシュ,1/2,*
脳血管障害,,,8500,名詞,一般,*,*,*,*,*,ノウケッカンショウガイ,ノウケッカンショウガイ,1/10,*
深部静脈血栓症,,,8500,名詞,一般,*,*,*,*,*,シンブジョウミャクケッセンショウ,シンブジョウミャクケッセンショウ,1/13,*
パニック障害,,,8500,名詞,一般,*,*,*,*,*,パニックショウガイ,パニックショウガイ,1/8,*
四肢麻痺,,,8500,名詞,一般,*,*,*,*,*,シシマヒ,シシマヒ,1/4,*
適応障害,,,8500,名詞,一般,*,*,*,*,*,テキオウショウガイ,テキオウショウガイ,1/8,*
関節拘縮,,,8500,名詞,一般,*,*,*,*,*,カンセツコウシュク,カンセツコウシュク,1/8,*
脳浮腫,,,8500,名詞,一般,*,*,*,*,*,ノウフシュ,ノウフシュ,1/4,*
夜間せん妄,,,8500,名詞,一般,*,*,*,*,*,ヤカンセンモウ,ヤカンセンモウ,1/7,*
急性腎不全,,,8500,名詞,一般,*,*,*,*,*,キュウセイジンフゼン,キュウセイジンフゼン,1/9,*
脳腫瘍,,,8500,名詞,一般,*,*,*,*,*,ノウシュヨウ,ノウシュヨウ,1/5,*
便秘症,,,8500,名詞,一般,*,*,*,*,*,ベンピショウ,ベンピショウ,1/5,*
肝不全,,,8500,名詞,一般,*,*,*,*,*,カンフゼン,カンフゼン,1/5,*
甲状腺機能亢進症,,,8500,名詞,一般,*,*,*,*,*,コウジョウセンキノウコウシンショウ,コウジョウセンキノウコウシンショウ,1/15,*
乾癬,,,8500,名詞,一般,*,*,*,*,*,カンセン,カンセン,1/4,*
胸部不快感,,,8500,名詞,一般,*,*,*,*,*,キョウブフカイカン,キョウブフカイカン,1/8,*
顔面神経麻痺,,,8500,名詞,一般,*,*,*,*,*,ガンメンシンケイマヒ,ガンメンシンケイマヒ,1/10,*
筋炎,,,8500,名詞,一般,*,*,*,*,*,キンエン,キンエン,1/4,*
髄膜腫,,,8500,名詞,一般,*,*,*,*,*,ズイマクシュ,ズイマクシュ,1/5,*
被害妄想,,,8500,名詞,一般,*,*,*,*,*,ヒガイモウソウ,ヒガイモウソウ,1/7,*
易疲労感,,,8500,名詞,一般,*,*,*,*,*,イヒロウカン,イヒロウカン,1/6,*
便失禁,,,8500,名詞,一般,*,*,*,*,*,ベンシッキン,ベンシッキン,1/6,*
脳動脈瘤,,,8500,名詞,一般,*,*,*,*,*,ノウドウミャクリュウ,ノウドウミャクリュウ,1/8,*
慢性副鼻腔炎,,,8500,名詞,一般,*,*,*,*,*,マンセイフクビクウエン,マンセイフクビクウエン,1/11,*
性器出血,,,8500,名詞,一般,*,*,*,*,*,セイキシュッケツ,セイキシュッケツ,1/7,*
アルコール性肝障害,,,8500,名詞,一般,*,*,*,*,*,アルコールセイカンショウガイ,アルコールセイカンショウガイ,1/13,*
皮膚炎,,,8500,名詞,一般,*,*,*,*,*,ヒフエン,ヒフエン,1/4,*
坐骨神経痛,,,8500,名詞,一般,*,*,*,*,*,ザコツシンケイツウ,ザコツシンケイツウ,1/9,*
多呼吸,,,8500,名詞,一般,*,*,*,*,*,タコキュウ,タコキュウ,1/4,*
低酸素血症,,,8500,名詞,一般,*,*,*,*,*,テイサンソケッショウ,テイサンソケッショウ,1/9,*
慢性甲状腺炎,,,8500,名詞,一般,*,*,*,*,*,マンセイコウジョウセンエン,マンセイコウジョウセンエン,1/12,*
肝血管腫,,,8500,名詞,一般,*,*,*,*,*,カンケッカンシュ,カンケッカンシュ,1/7,*
項部硬直,,,8500,名詞,一般,*,*,*,*,*,コウブコウチョク,コウブコウチョク,1/7,*
妊娠,,,8500,名詞,一般,*,*,*,*,*,ニンシン,ニンシン,1/4,*
代謝性アシドーシス,,,8500,名詞,一般,*,*,*,*,*,タイシャセイアシドーシス,タイシャセイアシドーシス,1/11,*
痔核,,,8500,名詞,一般,*,*,*,*,*,ジカク,ジカク,1/3,*
心配,,,8500,名詞,一般,*,*,*,*,*,シンパイ,シンパイ,1/4,*
慢性硬膜下血腫,,,8500,名詞,一般,*,*,*,*,*,マンセイコウマクカケッシュ,マンセイコウマクカケッシュ,1/12,*
急性心不全,,,8500,名詞,一般,*,*,*,*,*,キュウセイシンフゼン,キュウセイシンフゼン,1/9,*
丘疹,,,8500,名詞,一般,*,*,*,*,*,キュウシン,キュウシン,1/4,*
麻疹,,,8500,名詞,一般,*,*,*,*,*,マシン,マシン,1/3,*
皮下血腫,,,8500,名詞,一般,*,*,*,*,*,ヒカケッシュ,ヒカケッシュ,1/5,*
嚥下困難,,,8500,名詞,一般,*,*,*,*,*,エンゲコンナン,エンゲコンナン,1/7,*
痂皮,,,8500,名詞,一般,*,*,*,*,*,カヒ,カヒ,1/2,*
視力障害,,,8500,名詞,一般,*,*,*,*,*,シリョクショウガイ,シリョクショウガイ,1/7,*
胃腸炎,,,8500,名詞,一般,*,*,*,*,*,イチョウエン,イチョウエン,1/5,*
重症筋無力症,,,8500,名詞,一般,*,*,*,*,*,ジュウショウキンムリョクショウ,ジュウショウキンムリョクショウ,1/11,*
Ｂ型肝炎,,,8500,名詞,一般,*,*,*,*,*,ビーガタカンエン,ビーガタカンエン,1/8,*
紅色丘疹,,,8500,名詞,一般,*,*,*,*,*,コウショクキュウシン,コウショクキュウシン,1/8,*
下肢静脈瘤,,,8500,名詞,一般,*,*,*,*,*,カシジョウミャクリュウ,カシジョウミャクリュウ,1/8,*
頭重感,,,8500,名詞,一般,*,*,*,*,*,ズジュウカン,ズジュウカン,1/5,*
正球性貧血,,,8500,名詞,一般,*,*,*,*,*,セイキュウセイヒンケツ,セイキュウセイヒンケツ,1/10,*
濾胞性リンパ腫,,,8500,名詞,一般,*,*,*,*,*,ロホウセイリンパシュ,ロホウセイリンパシュ,1/9,*
神経因性膀胱,,,8500,名詞,一般,*,*,*,*,*,シンケイインセイボウコウ,シンケイインセイボウコウ,1/12,*
敗血症性ショック,,,8500,名詞,一般,*,*,*,*,*,ハイケツショウセイショック,ハイケツショウセイショック,1/11,*
腹部圧痛,,,8500,名詞,一般,*,*,*,*,*,フクブアッツウ,フクブアッツウ,1/7,*
大動脈弁狭窄症,,,8500,名詞,一般,*,*,*,*,*,ダイドウミャクベンキョウサクショウ,ダイドウミャクベンキョウサクショウ,1/14,*
大球性貧血,,,8500,名詞,一般,*,*,*,*,*,ダイキュウセイヒンケツ,ダイキュウセイヒンケツ,1/10,*
月経困難症,,,8500,名詞,一般,*,*,*,*,*,ゲッケイコンナンショウ,ゲッケイコンナンショウ,1/10,*
上腹部痛,,,8500,名詞,一般,*,*,*,*,*,ジョウフクブツウ,ジョウフクブツウ,1/7,*
発達障害,,,8500,名詞,一般,*,*,*,*,*,ハッタツショウガイ,ハッタツショウガイ,1/8,*
手足症候群,,,8500,名詞,一般,*,*,*,*,*,テアシショウコウグン,テアシショウコウグン,1/9,*
視野障害,,,8500,名詞,一般,*,*,*,*,*,シヤショウガイ,シヤショウガイ,1/6,*
こわばり,,,8500,名詞,一般,*,*,*,*,*,コワバリ,コワバリ,1/4,*
摂食障害,,,8500,名詞,一般,*,*,*,*,*,セッショクショウガイ,セッショクショウガイ,1/8,*
再生不良性貧血,,,8500,名詞,一般,*,*,*,*,*,サイセイフリョウセイヒンケツ,サイセイフリョウセイヒンケツ,1/13,*
気管支拡張症,,,8500,名詞,一般,*,*,*,*,*,キカンシカクチョウショウ,キカンシカクチョウショウ,1/10,*
腹壁瘢痕ヘルニア,,,8500,名詞,一般,*,*,*,*,*,フクヘキハンコンヘルニア,フクヘキハンコンヘルニア,1/12,*
胃炎,,,8500,名詞,一般,*,*,*,*,*,イエン,イエン,1/3,*
顔面浮腫,,,8500,名詞,一般,*,*,*,*,*,ガンメンフシュ,ガンメンフシュ,1/6,*
耳漏,,,8500,名詞,一般,*,*,*,*,*,ジロウ,ジロウ,1/3,*
膀胱腫瘍,,,8500,名詞,一般,*,*,*,*,*,ボウコウシュヨウ,ボウコウシュヨウ,1/7,*
高コレステロール血症,,,8500,名詞,一般,*,*,*,*,*,コウコレステロールケッショウ,コウコレステロールケッショウ,1/13,*
労作時呼吸困難,,,8500,名詞,一般,*,*,*,*,*,ロウサジコキュウコンナン,ロウサジコキュウコンナン,1/11,*
冠攣縮性狭心症,,,8500,名詞,一般,*,*,*,*,*,カンレンシュクセイキョウシンショウ,カンレンシュクセイキョウシンショウ,1/14,*
膀胱直腸障害,,,8500,名詞,一般,*,*,*,*,*,ボウコウチョクチョウショウガイ,ボウコウチョクチョウショウガイ,1/12,*
失神,,,8500,名詞,一般,*,*,*,*,*,シッシン,シッシン,1/4,*
盲腸癌,,,8500,名詞,一般,*,*,*,*,*,モウチョウガン,モウチョウガン,1/6,*
インフルエンザ,,,8500,名詞,一般,*,*,*,*,*,インフルエンザ,インフルエンザ,1/7,*
眼底出血,,,8500,名詞,一般,*,*,*,*,*,ガンテイシュッケツ,ガンテイシュッケツ,1/8,*
急性胃腸炎,,,8500,名詞,一般,*,*,*,*,*,キュウセイイチョウエン,キュウセイイチョウエン,1/9,*
胆管癌,,,8500,名詞,一般,*,*,*,*,*,タンカンガン,タンカンガン,1/6,*
急性心筋梗塞,,,8500,名詞,一般,*,*,*,*,*,キュウセイシンキンコウソク,キュウセイシンキンコウソク,1/12,*
肋骨骨折,,,8500,名詞,一般,*,*,*,*,*,ロッコツコッセツ,ロッコツコッセツ,1/8,*
皮下腫瘤,,,8500,名詞,一般,*,*,*,*,*,ヒカシュリュウ,ヒカシュリュウ,1/5,*
突発性難聴,,,8500,名詞,一般,*,*,*,*,*,トッパツセイナンチョウ,トッパツセイナンチョウ,1/10,*
子宮癌,,,8500,名詞,一般,*,*,*,*,*,シキュウガン,シキュウガン,1/5,*
足白癬,,,8500,名詞,一般,*,*,*,*,*,アシハクセン,アシハクセン,1/6,*
間質性膀胱炎,,,8500,名詞,一般,*,*,*,*,*,カンシツセイボウコウエン,カンシツセイボウコウエン,1/12,*
膵体部癌,,,8500,名詞,一般,*,*,*,*,*,スイタイブガン,スイタイブガン,1/7,*
Ｃ型慢性肝炎,,,8500,名詞,一般,*,*,*,*,*,シーガタマンセイカンエン,シーガタマンセイカンエン,1/12,*
労作性狭心症,,,8500,名詞,一般,*,*,*,*,*,ロウサセイキョウシンショウ,ロウサセイキョウシンショウ,1/11,*
舌癌,,,8500,名詞,一般,*,*,*,*,*,ゼツガン,ゼツガン,1/4,*
感冒,,,8500,名詞,一般,*,*,*,*,*,カンボウ,カンボウ,1/4,*
点状出血,,,8500,名詞,一般,*,*,*,*,*,テンジョウシュッケツ,テンジョウシュッケツ,1/8,*
急性胆管炎,,,8500,名詞,一般,*,*,*,*,*,キュウセイタンカンエン,キュウセイタンカンエン,1/10,*
洞不全症候群,,,8500,名詞,一般,*,*,*,*,*,ドウフゼンショウコウグン,ドウフゼンショウコウグン,1/11,*
肝脾腫,,,8500,名詞,一般,*,*,*,*,*,カンヒシュ,カンヒシュ,1/4,*
両側水腎症,,,8500,名詞,一般,*,*,*,*,*,リョウソクスイジンショウ,リョウソクスイジンショウ,1/10,*
胸部異常陰影,,,8500,名詞,一般,*,*,*,*,*,キョウブイジョウインエイ,キョウブイジョウインエイ,1/10,*
完全右脚ブロック,,,8500,名詞,一般,*,*,*,*,*,カンゼンウキャクブロック,カンゼンウキャクブロック,1/11,*
月経痛,,,8500,名詞,一般,*,*,*,*,*,ゲッケイツウ,ゲッケイツウ,1/6,*
腎機能低下,,,8500,名詞,一般,*,*,*,*,*,ジンキノウテイカ,ジンキノウテイカ,1/8,*
癒着性イレウス,,,8500,名詞,一般,*,*,*,*,*,ユチャクセイイレウス,ユチャクセイイレウス,1/9,*
無呼吸発作,,,8500,名詞,一般,*,*,*,*,*,ムコキュウホッサ,ムコキュウホッサ,1/7,*
喀血,,,8500,名詞,一般,*,*,*,*,*,カッケツ,カッケツ,1/4,*
急性虫垂炎,,,8500,名詞,一般,*,*,*,*,*,キュウセイチュウスイエン,キュウセイチュウスイエン,1/10,*
易怒性,,,8500,名詞,一般,*,*,*,*,*,イドセイ,イドセイ,1/4,*
低アルブミン血症,,,8500,名詞,一般,*,*,*,*,*,テイアルブミンケッショウ,テイアルブミンケッショウ,1/11,*
右心不全,,,8500,名詞,一般,*,*,*,*,*,ウシンフゼン,ウシンフゼン,1/6,*
橋本病,,,8500,名詞,一般,*,*,*,*,*,ハシモトビョウ,ハシモトビョウ,1/6,*
壊死,,,8500,名詞,一般,*,*,*,*,*,エシ,エシ,1/2,*
虚血性腸炎,,,8500,名詞,一般,*,*,*,*,*,キョケツセイチョウエン,キョケツセイチョウエン,1/9,*
神経症,,,8500,名詞,一般,*,*,*,*,*,シンケイショウ,シンケイショウ,1/6,*
皮膚損傷,,,8500,名詞,一般,*,*,*,*,*,ヒフソンショウ,ヒフソンショウ,1/6,*
皮脂欠乏性湿疹,,,8500,名詞,一般,*,*,*,*,*,ヒシケツボウセイシッシン,ヒシケツボウセイシッシン,1/12,*
頚部痛,,,8500,名詞,一般,*,*,*,*,*,ケイブツウ,ケイブツウ,1/5,*
風疹,,,8500,名詞,一般,*,*,*,*,*,フウシン,フウシン,1/4,*
過多月経,,,8500,名詞,一般,*,*,*,*,*,カタゲッケイ,カタゲッケイ,1/6,*
肺胞出血,,,8500,名詞,一般,*,*,*,*,*,ハイホウシュッケツ,ハイホウシュッケツ,1/8,*
心筋虚血,,,8500,名詞,一般,*,*,*,*,*,シンキンキョケツ,シンキンキョケツ,1/7,*
不安神経症,,,8500,名詞,一般,*,*,*,*,*,フアンシンケイショウ,フアンシンケイショウ,1/9,*
原発性アルドステロン症,,,8500,名詞,一般,*,*,*,*,*,ゲンパツセイアルドステロンショウ,ゲンパツセイアルドステロンショウ,1/15,*
脂肪腫,,,8500,名詞,一般,*,*,*,*,*,シボウシュ,シボウシュ,1/4,*
網膜剥離,,,8500,名詞,一般,*,*,*,*,*,モウマクハクリ,モウマクハクリ,1/7,*
胸部大動脈瘤,,,8500,名詞,一般,*,*,*,*,*,キョウブダイドウミャクリュウ,キョウブダイドウミャクリュウ,1/11,*
肝内胆管癌,,,8500,名詞,一般,*,*,*,*,*,カンナイタンカンガン,カンナイタンカンガン,1/10,*
脱臼,,,8500,名詞,一般,*,*,*,*,*,ダッキュウ,ダッキュウ,1/4,*
ラクナ梗塞,,,8500,名詞,一般,*,*,*,*,*,ラクナコウソク,ラクナコウソク,1/7,*
非結核性抗酸菌症,,,8500,名詞,一般,*,*,*,*,*,ヒケッカクセイコウサンキンショウ,ヒケッカクセイコウサンキンショウ,1/15,*
吻合部狭窄,,,8500,名詞,一般,*,*,*,*,*,フンゴウブキョウサク,フンゴウブキョウサク,1/9,*
開口障害,,,8500,名詞,一般,*,*,*,*,*,カイコウショウガイ,カイコウショウガイ,1/8,*
バセドウ病,,,8500,名詞,一般,*,*,*,*,*,バセドウビョウ,バセドウビョウ,1/6,*
咳喘息,,,8500,名詞,一般,*,*,*,*,*,セキゼンソク,セキゼンソク,1/6,*
破傷風,,,8500,名詞,一般,*,*,*,*,*,ハショウフウ,ハショウフウ,1/5,*
肝炎,,,8500,名詞,一般,*,*,*,*,*,カンエン,カンエン,1/4,*
破水,,,8500,名詞,一般,*,*,*,*,*,ハスイ,ハスイ,1/3,*
溶血性貧血,,,8500,名詞,一般,*,*,*,*,*,ヨウケツセイヒンケツ,ヨウケツセイヒンケツ,1/10,*
アルコール性肝硬変,,,8500,名詞,一般,*,*,*,*,*,アルコールセイカンコウヘン,アルコールセイカンコウヘン,1/13,*
気道狭窄,,,8500,名詞,一般,*,*,*,*,*,キドウキョウサク,キドウキョウサク,1/7,*
硬膜下血腫,,,8500,名詞,一般,*,*,*,*,*,コウマクカケッシュ,コウマクカケッシュ,1/8,*
不正性器出血,,,8500,名詞,一般,*,*,*,*,*,フセイセイキシュッケツ,フセイセイキシュッケツ,1/10,*
菌状息肉症,,,8500,名詞,一般,*,*,*,*,*,キンジョウソクニクショウ,キンジョウソクニクショウ,1/10,*
上咽頭癌,,,8500,名詞,一般,*,*,*,*,*,ジョウイントウガン,ジョウイントウガン,1/8,*
多発性硬化症,,,8500,名詞,一般,*,*,*,*,*,タハツセイコウカショウ,タハツセイコウカショウ,1/10,*
肥大型心筋症,,,8500,名詞,一般,*,*,*,*,*,ヒダイガタシンキンショウ,ヒダイガタシンキンショウ,1/11,*
胸膜炎,,,8500,名詞,一般,*,*,*,*,*,キョウマクエン,キョウマクエン,1/6,*
脳症,,,8500,名詞,一般,*,*,*,*,*,ノウショウ,ノウショウ,1/4,*
アルコール依存症,,,8500,名詞,一般,*,*,*,*,*,アルコールイゾンショウ,アルコールイゾンショウ,1/10,*
無症候性心筋虚血,,,8500,名詞,一般,*,*,*,*,*,ムショウコウセイシンキンキョケツ,ムショウコウセイシンキンキョケツ,1/14,*
股関節痛,,,8500,名詞,一般,*,*,*,*,*,コカンセツツウ,コカンセツツウ,1/7,*
縫合不全,,,8500,名詞,一般,*,*,*,*,*,ホウゴウフゼン,ホウゴウフゼン,1/7,*
Ｃ型肝硬変,,,8500,名詞,一般,*,*,*,*,*,シーガタカンコウヘン,シーガタカンコウヘン,1/10,*
四肢浮腫,,,8500,名詞,一般,*,*,*,*,*,シシフシュ,シシフシュ,1/4,*
視覚障害,,,8500,名詞,一般,*,*,*,*,*,シカクショウガイ,シカクショウガイ,1/7,*
低血糖発作,,,8500,名詞,一般,*,*,*,*,*,テイケットウホッサ,テイケットウホッサ,1/9,*
周期性呼吸,,,8500,名詞,一般,*,*,*,*,*,シュウキセイコキュウ,シュウキセイコキュウ,1/8,*
頚椎症,,,8500,名詞,一般,*,*,*,*,*,ケイツイショウ,ケイツイショウ,1/6,*
肺塞栓症,,,8500,名詞,一般,*,*,*,*,*,ハイソクセンショウ,ハイソクセンショウ,1/8,*
月経不順,,,8500,名詞,一般,*,*,*,*,*,ゲッケイフジュン,ゲッケイフジュン,1/7,*
腎癌,,,8500,名詞,一般,*,*,*,*,*,ジンガン,ジンガン,1/4,*
吐下血,,,8500,名詞,一般,*,*,*,*,*,トゲケツ,トゲケツ,1/4,*
記憶障害,,,8500,名詞,一般,*,*,*,*,*,キオクショウガイ,キオクショウガイ,1/7,*
幻覚妄想状態,,,8500,名詞,一般,*,*,*,*,*,ゲンカクモウソウジョウタイ,ゲンカクモウソウジョウタイ,1/12,*
低カリウム血症,,,8500,名詞,一般,*,*,*,*,*,テイカリウムケッショウ,テイカリウムケッショウ,1/10,*
皮膚潰瘍,,,8500,名詞,一般,*,*,*,*,*,ヒフカイヨウ,ヒフカイヨウ,1/6,*
内痔核,,,8500,名詞,一般,*,*,*,*,*,ナイジカク,ナイジカク,1/5,*
神経痛,,,8500,名詞,一般,*,*,*,*,*,シンケイツウ,シンケイツウ,1/6,*
下腹痛,,,8500,名詞,一般,*,*,*,*,*,カフクツウ,カフクツウ,1/5,*
爪白癬,,,8500,名詞,一般,*,*,*,*,*,ツメハクセン,ツメハクセン,1/6,*
子宮脱,,,8500,名詞,一般,*,*,*,*,*,シキュウダツ,シキュウダツ,1/5,*
肛門部痛,,,8500,名詞,一般,*,*,*,*,*,コウモンブツウ,コウモンブツウ,1/7,*
眼痛,,,8500,名詞,一般,*,*,*,*,*,ガンツウ,ガンツウ,1/4,*
耳閉感,,,8500,名詞,一般,*,*,*,*,*,ジヘイカン,ジヘイカン,1/5,*
低ナトリウム血症,,,8500,名詞,一般,*,*,*,*,*,テイナトリウムケッショウ,テイナトリウムケッショウ,1/11,*
味覚異常,,,8500,名詞,一般,*,*,*,*,*,ミカクイジョウ,ミカクイジョウ,1/6,*
骨髄異形成症候群,,,8500,名詞,一般,*,*,*,*,*,コツズイイケイセイショウコウグン,コツズイイケイセイショウコウグン,1/15,*
白血病,,,8500,名詞,一般,*,*,*,*,*,ハッケツビョウ,ハッケツビョウ,1/6,*
視野狭窄,,,8500,名詞,一般,*,*,*,*,*,シヤキョウサク,シヤキョウサク,1/6,*
排尿痛,,,8500,名詞,一般,*,*,*,*,*,ハイニョウツウ,ハイニョウツウ,1/6,*
脳室拡大,,,8500,名詞,一般,*,*,*,*,*,ノウシツカクダイ,ノウシツカクダイ,1/8,*
鼻炎,,,8500,名詞,一般,*,*,*,*,*,ビエン,ビエン,1/3,*
心室中隔欠損症,,,8500,名詞,一般,*,*,*,*,*,シンシツチュウカクケッソンショウ,シンシツチュウカクケッソンショウ,1/14,*
子宮内膜ポリープ,,,8500,名詞,一般,*,*,*,*,*,シキュウナイマクポリープ,シキュウナイマクポリープ,1/11,*
麻痺性イレウス,,,8500,名詞,一般,*,*,*,*,*,マヒセイイレウス,マヒセイイレウス,1/8,*
足爪白癬,,,8500,名詞,一般,*,*,*,*,*,アシツメハクセン,アシツメハクセン,1/8,*
完全房室ブロック,,,8500,名詞,一般,*,*,*,*,*,カンゼンボウシツブロック,カンゼンボウシツブロック,1/12,*
鼻血,,,8500,名詞,一般,*,*,*,*,*,ハナヂ,ハナヂ,1/3,*
心筋炎,,,8500,名詞,一般,*,*,*,*,*,シンキンエン,シンキンエン,1/6,*
顔面紅潮,,,8500,名詞,一般,*,*,*,*,*,ガンメンコウチョウ,ガンメンコウチョウ,1/8,*
ドライアイ,,,8500,名詞,一般,*,*,*,*,*,ドライアイ,ドライアイ,1/5,*
腺腫様甲状腺腫,,,8500,名詞,一般,*,*,*,*,*,センシュヨウコウジョウセンシュ,センシュヨウコウジョウセンシュ,1/12,*
原発性胆汁性肝硬変,,,8500,名詞,一般,*,*,*,*,*,ゲンパツセイタンジュウセイカンコウヘン,ゲンパツセイタンジュウセイカンコウヘン,1/18,*
房室ブロック,,,8500,名詞,一般,*,*,*,*,*,ボウシツブロック,ボウシツブロック,1/8,*
上部消化管出血,,,8500,名詞,一般,*,*,*,*,*,ジョウブショウカカンシュッケツ,ジョウブショウカカンシュッケツ,1/12,*
左室肥大,,,8500,名詞,一般,*,*,*,*,*,サシツヒダイ,サシツヒダイ,1/6,*
ステロイド糖尿病,,,8500,名詞,一般,*,*,*,*,*,ステロイドトウニョウビョウ,ステロイドトウニョウビョウ,1/11,*
悪性黒色腫,,,8500,名詞,一般,*,*,*,*,*,アクセイコクショクシュ,アクセイコクショクシュ,1/9,*
滲出性中耳炎,,,8500,名詞,一般,*,*,*,*,*,シンシュツセイチュウジエン,シンシュツセイチュウジエン,1/11,*
甲状腺腫,,,8500,名詞,一般,*,*,*,*,*,コウジョウセンシュ,コウジョウセンシュ,1/7,*
脳性麻痺,,,8500,名詞,一般,*,*,*,*,*,ノウセイマヒ,ノウセイマヒ,1/6,*
痛風発作,,,8500,名詞,一般,*,*,*,*,*,ツウフウホッサ,ツウフウホッサ,1/7,*
自己免疫性肝炎,,,8500,名詞,一般,*,*,*,*,*,ジコメンエキセイカンエン,ジコメンエキセイカンエン,1/12,*
難治性てんかん,,,8500,名詞,一般,*,*,*,*,*,ナンチセイテンカン,ナンチセイテンカン,1/9,*
中毒疹,,,8500,名詞,一般,*,*,*,*,*,チュウドクシン,チュウドクシン,1/6,*
鼻閉,,,8500,名詞,一般,*,*,*,*,*,ビヘイ,ビヘイ,1/3,*
膿尿,,,8500,名詞,一般,*,*,*,*,*,ノウニョウ,ノウニョウ,1/4,*
ループス腎炎,,,8500,名詞,一般,*,*,*,*,*,ループスジンエン,ループスジンエン,1/8,*
跛行,,,8500,名詞,一般,*,*,*,*,*,ハコウ,ハコウ,1/3,*
出血傾向,,,8500,名詞,一般,*,*,*,*,*,シュッケツケイコウ,シュッケツケイコウ,1/8,*
高カリウム血症,,,8500,名詞,一般,*,*,*,*,*,コウカリウムケッショウ,コウカリウムケッショウ,1/10,*
眼瞼浮腫,,,8500,名詞,一般,*,*,*,*,*,ガンケンフシュ,ガンケンフシュ,1/6,*
知覚鈍麻,,,8500,名詞,一般,*,*,*,*,*,チカクドンマ,チカクドンマ,1/6,*
陳旧性肺結核,,,8500,名詞,一般,*,*,*,*,*,チンキュウセイハイケッカク,チンキュウセイハイケッカク,1/12,*
急性上気道炎,,,8500,名詞,一般,*,*,*,*,*,キュウセイジョウキドウエン,キュウセイジョウキドウエン,1/11,*
胸膜播種,,,8500,名詞,一般,*,*,*,*,*,キョウマクハシュ,キョウマクハシュ,1/6,*
大腿骨頭壊死,,,8500,名詞,一般,*,*,*,*,*,ダイタイコットウエシ,ダイタイコットウエシ,1/10,*
音声障害,,,8500,名詞,一般,*,*,*,*,*,オンセイショウガイ,オンセイショウガイ,1/8,*
下行結腸癌,,,8500,名詞,一般,*,*,*,*,*,カコウケッチョウガン,カコウケッチョウガン,1/9,*
慢性糸球体腎炎,,,8500,名詞,一般,*,*,*,*,*,マンセイシキュウタイジンエン,マンセイシキュウタイジンエン,1/13,*
急性骨髄性白血病,,,8500,名詞,一般,*,*,*,*,*,キュウセイコツズイセイハッケツビョウ,キュウセイコツズイセイハッケツビョウ,1/16,*
糖尿病網膜症,,,8500,名詞,一般,*,*,*,*,*,トウニョウビョウモウマクショウ,トウニョウビョウモウマクショウ,1/12,*
閉塞性換気障害,,,8500,名詞,一般,*,*,*,*,*,ヘイソクセイカンキショウガイ,ヘイソクセイカンキショウガイ,1/13,*
川崎病,,,8500,名詞,一般,*,*,*,*,*,カワサキビョウ,カワサキビョウ,1/6,*
強迫性障害,,,8500,名詞,一般,*,*,*,*,*,キョウハクセイショウガイ,キョウハクセイショウガイ,1/10,*
肝癌,,,8500,名詞,一般,*,*,*,*,*,カンガン,カンガン,1/4,*
正常圧水頭症,,,8500,名詞,一般,*,*,*,*,*,セイジョウアツスイトウショウ,セイジョウアツスイトウショウ,1/12,*
神経鞘腫,,,8500,名詞,一般,*,*,*,*,*,シンケイショウシュ,シンケイショウシュ,1/7,*
前立腺炎,,,8500,名詞,一般,*,*,*,*,*,ゼンリツセンエン,ゼンリツセンエン,1/8,*
腹腔内膿瘍,,,8500,名詞,一般,*,*,*,*,*,フククウナイノウヨウ,フククウナイノウヨウ,1/10,*
心房粗動,,,8500,名詞,一般,*,*,*,*,*,シンボウソドウ,シンボウソドウ,1/7,*
未熟児貧血,,,8500,名詞,一般,*,*,*,*,*,ミジュクジヒンケツ,ミジュクジヒンケツ,1/8,*
末期腎不全,,,8500,名詞,一般,*,*,*,*,*,マッキジンフゼン,マッキジンフゼン,1/8,*
小脳梗塞,,,8500,名詞,一般,*,*,*,*,*,ショウノウコウソク,ショウノウコウソク,1/8,*
冠動脈疾患,,,8500,名詞,一般,*,*,*,*,*,カンドウミャクシッカン,カンドウミャクシッカン,1/10,*
原発不明癌,,,8500,名詞,一般,*,*,*,*,*,ゲンパツフメイガン,ゲンパツフメイガン,1/9,*
未熟児網膜症,,,8500,名詞,一般,*,*,*,*,*,ミジュクジモウマクショウ,ミジュクジモウマクショウ,1/10,*
膵石,,,8500,名詞,一般,*,*,*,*,*,スイセキ,スイセキ,1/4,*
痛み,,,8500,名詞,一般,*,*,*,*,*,イタミ,イタミ,1/3,*
嘔吐,,,8500,名詞,一般,*,*,*,*,*,オウト,オウト,1/3,*
皮疹,,,8500,名詞,一般,*,*,*,*,*,ヒシン,ヒシン,1/3,*
しびれ,,,8500,名詞,一般,*,*,*,*,*,シビレ,シビレ,1/3,*
咳嗽,,,8500,名詞,一般,*,*,*,*,*,ガイソウ,ガイソウ,1/4,*
脱水,,,8500,名詞,一般,*,*,*,*,*,ダッスイ,ダッスイ,1/4,*
腹水,,,8500,名詞,一般,*,*,*,*,*,フクスイ,フクスイ,1/4,*
気分不快,,,8500,名詞,一般,*,*,*,*,*,キブンフカイ,キブンフカイ,1/6,*
喘息,,,8500,名詞,一般,*,*,*,*,*,ゼンソク,ゼンソク,1/4,*
腎機能障害,,,8500,名詞,一般,*,*,*,*,*,ジンキノウショウガイ,ジンキノウショウガイ,1/9,*
骨髄抑制,,,8500,名詞,一般,*,*,*,*,*,コツズイヨクセイ,コツズイヨクセイ,1/8,*
肝転移,,,8500,名詞,一般,*,*,*,*,*,カンテンイ,カンテンイ,1/5,*
眠気,,,8500,名詞,一般,*,*,*,*,*,ネムケ,ネムケ,1/3,*
肺転移,,,8500,名詞,一般,*,*,*,*,*,ハイテンイ,ハイテンイ,1/5,*
高血糖,,,8500,名詞,一般,*,*,*,*,*,コウケットウ,コウケットウ,1/6,*
腹水貯留,,,8500,名詞,一般,*,*,*,*,*,フクスイチョリュウ,フクスイチョリュウ,1/7,*
下痢便,,,8500,名詞,一般,*,*,*,*,*,ゲリベン,ゲリベン,1/4,*
肥満,,,8500,名詞,一般,*,*,*,*,*,ヒマン,ヒマン,1/3,*
眼瞼結膜貧血,,,8500,名詞,一般,*,*,*,*,*,ガンケンケツマクヒンケツ,ガンケンケツマクヒンケツ,1/12,*
排尿時痛,,,8500,名詞,一般,*,*,*,*,*,ハイニョウジツウ,ハイニョウジツウ,1/7,*
多発肝転移,,,8500,名詞,一般,*,*,*,*,*,タハツカンテンイ,タハツカンテンイ,1/8,*
リンパ節腫脹,,,8500,名詞,一般,*,*,*,*,*,リンパセツシュチョウ,リンパセツシュチョウ,1/8,*
胆石,,,8500,名詞,一般,*,*,*,*,*,タンセキ,タンセキ,1/4,*
多発肺転移,,,8500,名詞,一般,*,*,*,*,*,タハツハイテンイ,タハツハイテンイ,1/8,*
腹満感,,,8500,名詞,一般,*,*,*,*,*,フクマンカン,フクマンカン,1/6,*
夜間頻尿,,,8500,名詞,一般,*,*,*,*,*,ヤカンヒンニョウ,ヤカンヒンニョウ,1/7,*
腸閉塞,,,8500,名詞,一般,*,*,*,*,*,チョウヘイソク,チョウヘイソク,1/6,*
物忘れ,,,8500,名詞,一般,*,*,*,*,*,モノワスレ,モノワスレ,1/5,*
右乳癌,,,8500,名詞,一般,*,*,*,*,*,ミギニュウガン,ミギニュウガン,1/6,*
左乳癌,,,8500,名詞,一般,*,*,*,*,*,ヒダリニュウガン,ヒダリニュウガン,1/7,*
貧血症状,,,8500,名詞,一般,*,*,*,*,*,ヒンケツショウジョウ,ヒンケツショウジョウ,1/8,*
紫斑,,,8500,名詞,一般,*,*,*,*,*,シハン,シハン,1/3,*
嘔気嘔吐,,,8500,名詞,一般,*,*,*,*,*,オウキオウト,オウキオウト,1/6,*
てんかん発作,,,8500,名詞,一般,*,*,*,*,*,テンカンホッサ,テンカンホッサ,1/7,*
液体貯留,,,8500,名詞,一般,*,*,*,*,*,エキタイチョリュウ,エキタイチョリュウ,1/7,*
肺炎像,,,8500,名詞,一般,*,*,*,*,*,ハイエンゾウ,ハイエンゾウ,1/6,*
再出血,,,8500,名詞,一般,*,*,*,*,*,サイシュッケツ,サイシュッケツ,1/6,*
胆嚢結石,,,8500,名詞,一般,*,*,*,*,*,タンノウケッセキ,タンノウケッセキ,1/8,*
腫瘤性病変,,,8500,名詞,一般,*,*,*,*,*,シュリュウセイビョウヘン,シュリュウセイビョウヘン,1/9,*
眼球結膜黄染,,,8500,名詞,一般,*,*,*,*,*,ガンキュウケツマクオウセン,ガンキュウケツマクオウセン,1/12,*
脱毛,,,8500,名詞,一般,*,*,*,*,*,ダツモウ,ダツモウ,1/4,*
抑うつ状態,,,8500,名詞,一般,*,*,*,*,*,ヨクウツジョウタイ,ヨクウツジョウタイ,1/8,*
甲状腺腫大,,,8500,名詞,一般,*,*,*,*,*,コウジョウセンシュダイ,コウジョウセンシュダイ,1/9,*
無呼吸,,,8500,名詞,一般,*,*,*,*,*,ムコキュウ,ムコキュウ,1/4,*
腺癌,,,8500,名詞,一般,*,*,*,*,*,センガン,センガン,1/4,*
けいれん,,,8500,名詞,一般,*,*,*,*,*,ケイレン,ケイレン,1/4,*
胆嚢ポリープ,,,8500,名詞,一般,*,*,*,*,*,タンノウポリープ,タンノウポリープ,1/8,*
肺塞栓,,,8500,名詞,一般,*,*,*,*,*,ハイソクセン,ハイソクセン,1/6,*
両下肢浮腫,,,8500,名詞,一般,*,*,*,*,*,リョウカシフシュ,リョウカシフシュ,1/6,*
泥状便,,,8500,名詞,一般,*,*,*,*,*,デイジョウベン,デイジョウベン,1/6,*
死亡,,,8500,名詞,一般,*,*,*,*,*,シボウ,シボウ,1/3,*
口渇感,,,8500,名詞,一般,*,*,*,*,*,コウカツカン,コウカツカン,1/6,*
左胸水,,,8500,名詞,一般,*,*,*,*,*,ヒダリキョウスイ,ヒダリキョウスイ,1/7,*
脱力,,,8500,名詞,一般,*,*,*,*,*,ダツリョク,ダツリョク,1/4,*
肛門痛,,,8500,名詞,一般,*,*,*,*,*,コウモンツウ,コウモンツウ,1/6,*
口腔内乾燥,,,8500,名詞,一般,*,*,*,*,*,コウクウナイカンソウ,コウクウナイカンソウ,1/10,*
鼻水,,,8500,名詞,一般,*,*,*,*,*,ビスイ,ビスイ,1/3,*
歩行時ふらつき,,,8500,名詞,一般,*,*,*,*,*,ホコウジフラツキ,ホコウジフラツキ,1/8,*
不随意運動,,,8500,名詞,一般,*,*,*,*,*,フズイイウンドウ,フズイイウンドウ,1/8,*
下痢なし,,,8500,名詞,一般,*,*,*,*,*,ゲリナシ,ゲリナシ,1/4,*
弁膜症,,,8500,名詞,一般,*,*,*,*,*,ベンマクショウ,ベンマクショウ,1/6,*
むくみ,,,8500,名詞,一般,*,*,*,*,*,ムクミ,ムクミ,1/3,*
尿路結石,,,8500,名詞,一般,*,*,*,*,*,ニョウロケッセキ,ニョウロケッセキ,1/7,*
胆石症,,,8500,名詞,一般,*,*,*,*,*,タンセキショウ,タンセキショウ,1/6,*
創部感染,,,8500,名詞,一般,*,*,*,*,*,ソウブカンセン,ソウブカンセン,1/7,*
腰部痛,,,8500,名詞,一般,*,*,*,*,*,ヨウブツウ,ヨウブツウ,1/5,*
両側胸水,,,8500,名詞,一般,*,*,*,*,*,リョウソクキョウスイ,リョウソクキョウスイ,1/8,*
腎結石,,,8500,名詞,一般,*,*,*,*,*,ジンケッセキ,ジンケッセキ,1/6,*
腫大リンパ節,,,8500,名詞,一般,*,*,*,*,*,シュダイリンパセツ,シュダイリンパセツ,1/8,*
頸椎症,,,8500,名詞,一般,*,*,*,*,*,ケイツイショウ,ケイツイショウ,1/6,*
寒気,,,8500,名詞,一般,*,*,*,*,*,サムケ,サムケ,1/3,*
全身浮腫,,,8500,名詞,一般,*,*,*,*,*,ゼンシンフシュ,ゼンシンフシュ,1/6,*
慢性Ｃ型肝炎,,,8500,名詞,一般,*,*,*,*,*,マンセイシーガタカンエン,マンセイシーガタカンエン,1/12,*
胸部違和感,,,8500,名詞,一般,*,*,*,*,*,キョウブイワカン,キョウブイワカン,1/7,*
腎嚢胞,,,8500,名詞,一般,*,*,*,*,*,ジンノウホウ,ジンノウホウ,1/6,*
扁平上皮癌,,,8500,名詞,一般,*,*,*,*,*,ヘンペイジョウヒガン,ヘンペイジョウヒガン,1/9,*
右股関節痛,,,8500,名詞,一般,*,*,*,*,*,ミギコカンセツツウ,ミギコカンセツツウ,1/9,*
造影剤アレルギー,,,8500,名詞,一般,*,*,*,*,*,ゾウエイザイアレルギー,ゾウエイザイアレルギー,1/11,*
抑うつ,,,8500,名詞,一般,*,*,*,*,*,ヨクウツ,ヨクウツ,1/4,*
神経学的異常,,,8500,名詞,一般,*,*,*,*,*,シンケイガクテキイジョウ,シンケイガクテキイジョウ,1/11,*
左股関節痛,,,8500,名詞,一般,*,*,*,*,*,ヒダリコカンセツツウ,ヒダリコカンセツツウ,1/10,*
労作時呼吸苦,,,8500,名詞,一般,*,*,*,*,*,ロウサジコキュウク,ロウサジコキュウク,1/8,*
下痢症状,,,8500,名詞,一般,*,*,*,*,*,ゲリショウジョウ,ゲリショウジョウ,1/6,*
抑うつ症状,,,8500,名詞,一般,*,*,*,*,*,ヨクウツショウジョウ,ヨクウツショウジョウ,1/8,*
右膝痛,,,8500,名詞,一般,*,*,*,*,*,ミギヒザツウ,ミギヒザツウ,1/6,*
軽度圧痛,,,8500,名詞,一般,*,*,*,*,*,ケイドアッツウ,ケイドアッツウ,1/7,*
右胸水貯留,,,8500,名詞,一般,*,*,*,*,*,ミギキョウスイチョリュウ,ミギキョウスイチョリュウ,1/9,*
激痛,,,8500,名詞,一般,*,*,*,*,*,ゲキツウ,ゲキツウ,1/4,*
焦燥感,,,8500,名詞,一般,*,*,*,*,*,ショウソウカン,ショウソウカン,1/6,*
皮膚乾燥,,,8500,名詞,一般,*,*,*,*,*,ヒフカンソウ,ヒフカンソウ,1/6,*
薬剤アレルギー,,,8500,名詞,一般,*,*,*,*,*,ヤクザイアレルギー,ヤクザイアレルギー,1/9,*
感冒様症状,,,8500,名詞,一般,*,*,*,*,*,カンボウヨウショウジョウ,カンボウヨウショウジョウ,1/10,*
膿瘍形成,,,8500,名詞,一般,*,*,*,*,*,ノウヨウケイセイ,ノウヨウケイセイ,1/8,*
胆管狭窄,,,8500,名詞,一般,*,*,*,*,*,タンカンキョウサク,タンカンキョウサク,1/8,*
右片麻痺,,,8500,名詞,一般,*,*,*,*,*,ミギカタマヒ,ミギカタマヒ,1/6,*
水疱形成,,,8500,名詞,一般,*,*,*,*,*,スイホウケイセイ,スイホウケイセイ,1/8,*
過食,,,8500,名詞,一般,*,*,*,*,*,カショク,カショク,1/3,*
循環不全,,,8500,名詞,一般,*,*,*,*,*,ジュンカンフゼン,ジュンカンフゼン,1/7,*
せん妄症状,,,8500,名詞,一般,*,*,*,*,*,センモウショウジョウ,センモウショウジョウ,1/8,*
嚥下困難感,,,8500,名詞,一般,*,*,*,*,*,エンゲコンナンカン,エンゲコンナンカン,1/9,*
軽度浮腫,,,8500,名詞,一般,*,*,*,*,*,ケイドフシュ,ケイドフシュ,1/5,*
擦過傷,,,8500,名詞,一般,*,*,*,*,*,サッカショウ,サッカショウ,1/5,*
左胸水貯留,,,8500,名詞,一般,*,*,*,*,*,ヒダリキョウスイチョリュウ,ヒダリキョウスイチョリュウ,1/10,*
尿潜血,,,8500,名詞,一般,*,*,*,*,*,ニョウセンケツ,ニョウセンケツ,1/6,*
右側腹部痛,,,8500,名詞,一般,*,*,*,*,*,ウソクフクブツウ,ウソクフクブツウ,1/8,*
瞳孔不同,,,8500,名詞,一般,*,*,*,*,*,ドウコウフドウ,ドウコウフドウ,1/7,*
パーキンソニズム,,,8500,名詞,一般,*,*,*,*,*,パーキンソニズム,パーキンソニズム,1/8,*
口腔内出血,,,8500,名詞,一般,*,*,*,*,*,コウクウナイシュッケツ,コウクウナイシュッケツ,1/10,*
意識レベル低下,,,8500,名詞,一般,*,*,*,*,*,イシキレベルテイカ,イシキレベルテイカ,1/9,*
肺うっ血,,,8500,名詞,一般,*,*,*,*,*,ハイウッケツ,ハイウッケツ,1/6,*
ステロイド性糖尿病,,,8500,名詞,一般,*,*,*,*,*,ステロイドセイトウニョウビョウ,ステロイドセイトウニョウビョウ,1/13,*
左腎癌,,,8500,名詞,一般,*,*,*,*,*,サジンガン,サジンガン,1/5,*
器質化肺炎,,,8500,名詞,一般,*,*,*,*,*,キシツカハイエン,キシツカハイエン,1/8,*
失神発作,,,8500,名詞,一般,*,*,*,*,*,シッシンホッサ,シッシンホッサ,1/7,*
真菌感染,,,8500,名詞,一般,*,*,*,*,*,シンキンカンセン,シンキンカンセン,1/8,*
両膝痛,,,8500,名詞,一般,*,*,*,*,*,リョウシツツウ,リョウシツツウ,1/6,*
凝固異常,,,8500,名詞,一般,*,*,*,*,*,ギョウコイジョウ,ギョウコイジョウ,1/6,*
右気胸,,,8500,名詞,一般,*,*,*,*,*,ミギキキョウ,ミギキキョウ,1/5,*
咽頭違和感,,,8500,名詞,一般,*,*,*,*,*,イントウイワカン,イントウイワカン,1/8,*
右腎嚢胞,,,8500,名詞,一般,*,*,*,*,*,ウジンノウホウ,ウジンノウホウ,1/7,*
ウイルス感染,,,8500,名詞,一般,*,*,*,*,*,ウイルスカンセン,ウイルスカンセン,1/8,*
呂律不良,,,8500,名詞,一般,*,*,*,*,*,ロレツフリョウ,ロレツフリョウ,1/6,*
脂質代謝異常症,,,8500,名詞,一般,*,*,*,*,*,シシツタイシャイジョウショウ,シシツタイシャイジョウショウ,1/11,*
大動脈解離,,,8500,名詞,一般,*,*,*,*,*,ダイドウミャクカイリ,ダイドウミャクカイリ,1/9,*
顔色不良,,,8500,名詞,一般,*,*,*,*,*,ガンショクフリョウ,ガンショクフリョウ,1/7,*
うつ症状,,,8500,名詞,一般,*,*,*,*,*,ウツショウジョウ,ウツショウジョウ,1/6,*
嘔気症状,,,8500,名詞,一般,*,*,*,*,*,オウキショウジョウ,オウキショウジョウ,1/7,*
スリガラス影,,,8500,名詞,一般,*,*,*,*,*,スリガラスエイ,スリガラスエイ,1/7,*
大腸憩室症,,,8500,名詞,一般,*,*,*,*,*,ダイチョウケイシツショウ,ダイチョウケイシツショウ,1/10,*
熱感,,,8500,名詞,一般,*,*,*,*,*,ネッカン,ネッカン,1/4,*
失禁,,,8500,名詞,一般,*,*,*,*,*,シッキン,シッキン,1/4,*
色素沈着,,,8500,名詞,一般,*,*,*,*,*,シキソチンチャク,シキソチンチャク,1/7,*
水様便,,,8500,名詞,一般,*,*,*,*,*,スイヨウベン,スイヨウベン,1/6,*
感覚障害,,,8500,名詞,一般,*,*,*,*,*,カンカクショウガイ,カンカクショウガイ,1/8,*
中途覚醒,,,8500,名詞,一般,*,*,*,*,*,チュウトカクセイ,チュウトカクセイ,1/7,*
不正出血,,,8500,名詞,一般,*,*,*,*,*,フセイシュッケツ,フセイシュッケツ,1/7,*
子宮頸癌,,,8500,名詞,一般,*,*,*,*,*,シキュウケイガン,シキュウケイガン,1/7,*
筋腫,,,8500,名詞,一般,*,*,*,*,*,キンシュ,キンシュ,1/3,*
肝嚢胞,,,8500,名詞,一般,*,*,*,*,*,カンノウホウ,カンノウホウ,1/6,*
抑うつ気分,,,8500,名詞,一般,*,*,*,*,*,ヨクウツキブン,ヨクウツキブン,1/7,*
希死念慮,,,8500,名詞,一般,*,*,*,*,*,キシネンリョ,キシネンリョ,1/5,*
双極性障害,,,8500,名詞,一般,*,*,*,*,*,ソウキョクセイショウガイ,ソウキョクセイショウガイ,1/10,*
認知機能低下,,,8500,名詞,一般,*,*,*,*,*,ニンチキノウテイカ,ニンチキノウテイカ,1/9,*
隆起性病変,,,8500,名詞,一般,*,*,*,*,*,リュウキセイビョウヘン,リュウキセイビョウヘン,1/9,*
腹部痛,,,8500,名詞,一般,*,*,*,*,*,フクブツウ,フクブツウ,1/5,*
膨疹,,,8500,名詞,一般,*,*,*,*,*,ボウシン,ボウシン,1/4,*
黄染,,,8500,名詞,一般,*,*,*,*,*,オウセン,オウセン,1/4,*
腎症１期,,,8500,名詞,一般,*,*,*,*,*,ジンショウイチキ,ジンショウイチキ,1/7,*
膨満,,,8500,名詞,一般,*,*,*,*,*,ボウマン,ボウマン,1/4,*
不顕性誤嚥,,,8500,名詞,一般,*,*,*,*,*,フケンセイゴエン,フケンセイゴエン,1/8,*
関節腫脹,,,8500,名詞,一般,*,*,*,*,*,カンセツシュチョウ,カンセツシュチョウ,1/7,*
腫瘍熱,,,8500,名詞,一般,*,*,*,*,*,シュヨウネツ,シュヨウネツ,1/5,*
発赤腫脹,,,8500,名詞,一般,*,*,*,*,*,ホッセキシュチョウ,ホッセキシュチョウ,1/7,*
上気道炎,,,8500,名詞,一般,*,*,*,*,*,ジョウキドウエン,ジョウキドウエン,1/7,*
硬便,,,8500,名詞,一般,*,*,*,*,*,コウベン,コウベン,1/4,*
筋緊張,,,8500,名詞,一般,*,*,*,*,*,キンキンチョウ,キンキンチョウ,1/6,*
過呼吸,,,8500,名詞,一般,*,*,*,*,*,カコキュウ,カコキュウ,1/4,*
残便感,,,8500,名詞,一般,*,*,*,*,*,ザンベンカン,ザンベンカン,1/6,*
潜血,,,8500,名詞,一般,*,*,*,*,*,センケツ,センケツ,1/4,*
呼吸障害,,,8500,名詞,一般,*,*,*,*,*,コキュウショウガイ,コキュウショウガイ,1/7,*
認知機能障害,,,8500,名詞,一般,*,*,*,*,*,ニンチキノウショウガイ,ニンチキノウショウガイ,1/10,*
肺結節,,,8500,名詞,一般,*,*,*,*,*,ハイケッセツ,ハイケッセツ,1/6,*
過形成性ポリープ,,,8500,名詞,一般,*,*,*,*,*,カケイセイセイポリープ,カケイセイセイポリープ,1/11,*
不安焦燥,,,8500,名詞,一般,*,*,*,*,*,フアンショウソウ,フアンショウソウ,1/7,*
右肩痛,,,8500,名詞,一般,*,*,*,*,*,ミギケンツウ,ミギケンツウ,1/6,*
肺小細胞癌,,,8500,名詞,一般,*,*,*,*,*,ハイショウサイボウガン,ハイショウサイボウガン,1/10,*
感染巣,,,8500,名詞,一般,*,*,*,*,*,カンセンソウ,カンセンソウ,1/6,*
圧排,,,8500,名詞,一般,*,*,*,*,*,アッパイ,アッパイ,1/4,*
膜炎,,,8500,名詞,一般,*,*,*,*,*,マクエン,マクエン,1/4,*
浮腫状,,,8500,名詞,一般,*,*,*,*,*,フシュジョウ,フシュジョウ,1/4,*
陳旧性,,,8500,名詞,一般,*,*,*,*,*,チンキュウセイ,チンキュウセイ,1/6,*
右卵巣嚢腫,,,8500,名詞,一般,*,*,*,*,*,ミギランソウノウシュ,ミギランソウノウシュ,1/9,*
出血症状,,,8500,名詞,一般,*,*,*,*,*,シュッケツショウジョウ,シュッケツショウジョウ,1/8,*
腎前性腎不全,,,8500,名詞,一般,*,*,*,*,*,ジンゼンセイジンフゼン,ジンゼンセイジンフゼン,1/11,*
透過性低下,,,8500,名詞,一般,*,*,*,*,*,トウカセイテイカ,トウカセイテイカ,1/8,*
尿漏,,,8500,名詞,一般,*,*,*,*,*,ニョウロウ,ニョウロウ,1/4,*
潰瘍形成,,,8500,名詞,一般,*,*,*,*,*,カイヨウケイセイ,カイヨウケイセイ,1/8,*
褥瘡好発,,,8500,名詞,一般,*,*,*,*,*,ジョクソウコウハツ,ジョクソウコウハツ,1/8,*
ふらつきない,,,8500,名詞,一般,*,*,*,*,*,フラツキナイ,フラツキナイ,1/6,*
転倒歴,,,8500,名詞,一般,*,*,*,*,*,テントウレキ,テントウレキ,1/6,*
胸部不快,,,8500,名詞,一般,*,*,*,*,*,キョウブフカイ,キョウブフカイ,1/6,*
把握痛,,,8500,名詞,一般,*,*,*,*,*,ハアクツウ,ハアクツウ,1/5,*
感覚異常,,,8500,名詞,一般,*,*,*,*,*,カンカクイジョウ,カンカクイジョウ,1/7,*
創感染,,,8500,名詞,一般,*,*,*,*,*,ソウカンセン,ソウカンセン,1/6,*
日中排便,,,8500,名詞,一般,*,*,*,*,*,ニッチュウハイベン,ニッチュウハイベン,1/8,*
軽度腫脹,,,8500,名詞,一般,*,*,*,*,*,ケイドシュチョウ,ケイドシュチョウ,1/6,*
脱水症状,,,8500,名詞,一般,*,*,*,*,*,ダッスイショウジョウ,ダッスイショウジョウ,1/8,*
粘膜炎,,,8500,名詞,一般,*,*,*,*,*,ネンマクエン,ネンマクエン,1/6,*
逆流,,,8500,名詞,一般,*,*,*,*,*,ギャクリュウ,ギャクリュウ,1/4,*
粘膜下筋腫,,,8500,名詞,一般,*,*,*,*,*,ネンマクカキンシュ,ネンマクカキンシュ,1/8,*
頸部リンパ節腫脹なし,,,8500,名詞,一般,*,*,*,*,*,ケイブリンパセツシュチョウナシ,ケイブリンパセツシュチョウナシ,1/13,*
鉄欠乏,,,8500,名詞,一般,*,*,*,*,*,テツケツボウ,テツケツボウ,1/6,*
右変形性股関節症,,,8500,名詞,一般,*,*,*,*,*,ミギヘンケイセイコカンセツショウ,ミギヘンケイセイコカンセツショウ,1/15,*
反跳痛なし,,,8500,名詞,一般,*,*,*,*,*,ハンチョウツウナシ,ハンチョウツウナシ,1/8,*
冷感なし,,,8500,名詞,一般,*,*,*,*,*,レイカンナシ,レイカンナシ,1/6,*
右白内障,,,8500,名詞,一般,*,*,*,*,*,ミギハクナイショウ,ミギハクナイショウ,1/8,*
腺筋症,,,8500,名詞,一般,*,*,*,*,*,センキンショウ,センキンショウ,1/6,*
低Ａｌｂ血症,,,8500,名詞,一般,*,*,*,*,*,テイアルブミンケッショウ,テイアルブミンケッショウ,1/11,*
むせこみ,,,8500,名詞,一般,*,*,*,*,*,ムセコミ,ムセコミ,1/4,*
胆管結石,,,8500,名詞,一般,*,*,*,*,*,タンカンケッセキ,タンカンケッセキ,1/8,*
月経困難,,,8500,名詞,一般,*,*,*,*,*,ゲッケイコンナン,ゲッケイコンナン,1/8,*
左白内障,,,8500,名詞,一般,*,*,*,*,*,ヒダリハクナイショウ,ヒダリハクナイショウ,1/9,*
外傷痕,,,8500,名詞,一般,*,*,*,*,*,ガイショウコン,ガイショウコン,1/6,*
骨髄抑制期,,,8500,名詞,一般,*,*,*,*,*,コツズイヨクセイキ,コツズイヨクセイキ,1/9,*
抗悪性腫瘍剤加算,,,8500,名詞,一般,*,*,*,*,*,コウアクセイシュヨウザイカサン,コウアクセイシュヨウザイカサン,1/14,*
骨髄浸潤,,,8500,名詞,一般,*,*,*,*,*,コツズイシンジュン,コツズイシンジュン,1/8,*
膨満感,,,8500,名詞,一般,*,*,*,*,*,ボウマンカン,ボウマンカン,1/6,*
深部静脈血栓,,,8500,名詞,一般,*,*,*,*,*,シンブジョウミャクケッセン,シンブジョウミャクケッセン,1/11,*
頸静脈怒張,,,8500,名詞,一般,*,*,*,*,*,ケイジョウミャクドチョウ,ケイジョウミャクドチョウ,1/9,*
眼疾患,,,8500,名詞,一般,*,*,*,*,*,ガンシッカン,ガンシッカン,1/6,*
リンパ球浸潤,,,8500,名詞,一般,*,*,*,*,*,リンパキュウシンジュン,リンパキュウシンジュン,1/9,*
狭窄音,,,8500,名詞,一般,*,*,*,*,*,キョウサクオン,キョウサクオン,1/6,*
膜下出血,,,8500,名詞,一般,*,*,*,*,*,マクカシュッケツ,マクカシュッケツ,1/7,*
拘束性障害,,,8500,名詞,一般,*,*,*,*,*,コウソクセイショウガイ,コウソクセイショウガイ,1/10,*
易出血性,,,8500,名詞,一般,*,*,*,*,*,エキシュッケツセイ,エキシュッケツセイ,1/8,*
湿性嗄声,,,8500,名詞,一般,*,*,*,*,*,シッセイサセイ,シッセイサセイ,1/7,*
梗塞巣,,,8500,名詞,一般,*,*,*,*,*,コウソクソウ,コウソクソウ,1/6,*
肢体不自由,,,8500,名詞,一般,*,*,*,*,*,シタイフジユウ,シタイフジユウ,1/7,*
乳突蜂巣,,,8500,名詞,一般,*,*,*,*,*,ニュウトツホウソウ,ニュウトツホウソウ,1/8,*
出血点,,,8500,名詞,一般,*,*,*,*,*,シュッケツテン,シュッケツテン,1/6,*
嚥下機能障害,,,8500,名詞,一般,*,*,*,*,*,エンゲキノウショウガイ,エンゲキノウショウガイ,1/10,*
胆嚢腺筋腫症,,,8500,名詞,一般,*,*,*,*,*,タンノウセンキンシュショウ,タンノウセンキンシュショウ,1/11,*
しびれる,,,8500,名詞,一般,*,*,*,*,*,シビレル,シビレル,1/4,*
幻覚妄想,,,8500,名詞,一般,*,*,*,*,*,ゲンカクモウソウ,ゲンカクモウソウ,1/8,*
夜間疼痛,,,8500,名詞,一般,*,*,*,*,*,ヤカントウツウ,ヤカントウツウ,1/7,*
感覚障害なし,,,8500,名詞,一般,*,*,*,*,*,カンカクショウガイナシ,カンカクショウガイナシ,1/10,*
充血,,,8500,名詞,一般,*,*,*,*,*,ジュウケツ,ジュウケツ,1/4,*
粗大病変,,,8500,名詞,一般,*,*,*,*,*,ソダイビョウヘン,ソダイビョウヘン,1/7,*
精神発達遅滞,,,8500,名詞,一般,*,*,*,*,*,セイシンハッタツチタイ,セイシンハッタツチタイ,1/11,*
努力呼吸,,,8500,名詞,一般,*,*,*,*,*,ダツリョクコキュウ,ダツリョクコキュウ,1/7,*
残存病変,,,8500,名詞,一般,*,*,*,*,*,ザンゾンビョウヘン,ザンゾンビョウヘン,1/8,*
問題なし,,,8500,名詞,一般,*,*,*,*,*,モンダイナシ,モンダイナシ,1/6,*
不安,,,8500,名詞,一般,*,*,*,*,*,フアン,フアン,1/3,*
腹痛,,,8500,名詞,一般,*,*,*,*,*,フクツウ,フクツウ,1/4,*
高血圧,,,8500,名詞,一般,*,*,*,*,*,コウケツアツ,コウケツアツ,1/6,*
下痢,,,8500,名詞,一般,*,*,*,*,*,ゲリ,ゲリ,1/2,*
ふらつき,,,8500,名詞,一般,*,*,*,*,*,フラツキ,フラツキ,1/4,*
便秘,,,8500,名詞,一般,*,*,*,*,*,ベンピ,ベンピ,1/3,*
腫脹,,,8500,名詞,一般,*,*,*,*,*,シュチョウ,シュチョウ,1/3,*
腹部症状,,,8500,名詞,一般,*,*,*,*,*,フクブショウジョウ,フクブショウジョウ,1/7,*
呼吸苦,,,8500,名詞,一般,*,*,*,*,*,コキュウク,コキュウク,1/4,*
腰痛,,,8500,名詞,一般,*,*,*,*,*,ヨウツウ,ヨウツウ,1/4,*
自覚症状,,,8500,名詞,一般,*,*,*,*,*,ジカクショウジョウ,ジカクショウジョウ,1/7,*
胸部症状,,,8500,名詞,一般,*,*,*,*,*,キョウブショウジョウ,キョウブショウジョウ,1/7,*
合併症,,,8500,名詞,一般,*,*,*,*,*,ガッペイショウ,ガッペイショウ,1/6,*
転倒,,,8500,名詞,一般,*,*,*,*,*,テントウ,テントウ,1/4,*
不眠,,,8500,名詞,一般,*,*,*,*,*,フミン,フミン,1/3,*
狭窄,,,8500,名詞,一般,*,*,*,*,*,キョウサク,キョウサク,1/4,*
発作,,,8500,名詞,一般,*,*,*,*,*,ホッサ,ホッサ,1/3,*
掻痒感,,,8500,名詞,一般,*,*,*,*,*,ソウヨウカン,ソウヨウカン,1/6,*
感染徴候,,,8500,名詞,一般,*,*,*,*,*,カンセンチョウコウ,カンセンチョウコウ,1/8,*
転移,,,8500,名詞,一般,*,*,*,*,*,テンイ,テンイ,1/3,*
副作用症状,,,8500,名詞,一般,*,*,*,*,*,フクサヨウショウジョウ,フクサヨウショウジョウ,1/9,*
胸水,,,8500,名詞,一般,*,*,*,*,*,キョウスイ,キョウスイ,1/4,*
潰瘍,,,8500,名詞,一般,*,*,*,*,*,カイヨウ,カイヨウ,1/4,*
有害事象,,,8500,名詞,一般,*,*,*,*,*,ユウガイジショウ,ユウガイジショウ,1/7,*
紅斑,,,8500,名詞,一般,*,*,*,*,*,コウハン,コウハン,1/4,*
消化器症状,,,8500,名詞,一般,*,*,*,*,*,ショウカキショウジョウ,ショウカキショウジョウ,1/8,*
呼吸困難感,,,8500,名詞,一般,*,*,*,*,*,コキュウコンナンカン,コキュウコンナンカン,1/9,*
危険行動,,,8500,名詞,一般,*,*,*,*,*,キケンコウドウ,キケンコウドウ,1/7,*
苦痛,,,8500,名詞,一般,*,*,*,*,*,クツウ,クツウ,1/3,*
炎症,,,8500,名詞,一般,*,*,*,*,*,エンショウ,エンショウ,1/4,*
頻尿,,,8500,名詞,一般,*,*,*,*,*,ヒンニョウ,ヒンニョウ,1/4,*
感染症,,,8500,名詞,一般,*,*,*,*,*,カンセンショウ,カンセンショウ,1/6,*
麻痺,,,8500,名詞,一般,*,*,*,*,*,マヒ,マヒ,1/2,*
食思不振,,,8500,名詞,一般,*,*,*,*,*,ショクシフシン,ショクシフシン,1/6,*
結節,,,8500,名詞,一般,*,*,*,*,*,ケッセツ,ケッセツ,1/4,*
腹部膨満感,,,8500,名詞,一般,*,*,*,*,*,フクブボウマンカン,フクブボウマンカン,1/9,*
神経症状,,,8500,名詞,一般,*,*,*,*,*,シンケイショウジョウ,シンケイショウジョウ,1/8,*
骨転移,,,8500,名詞,一般,*,*,*,*,*,コツテンイ,コツテンイ,1/5,*
意識清明,,,8500,名詞,一般,*,*,*,*,*,イシキセイメイ,イシキセイメイ,1/7,*
閉塞,,,8500,名詞,一般,*,*,*,*,*,ヘイソク,ヘイソク,1/4,*
血栓,,,8500,名詞,一般,*,*,*,*,*,ケッセン,ケッセン,1/4,*
浸潤影,,,8500,名詞,一般,*,*,*,*,*,シンジュンエイ,シンジュンエイ,1/6,*
誤嚥,,,8500,名詞,一般,*,*,*,*,*,ゴエン,ゴエン,1/3,*
感冒症状,,,8500,名詞,一般,*,*,*,*,*,カンボウショウジョウ,カンボウショウジョウ,1/8,*
ストレス,,,8500,名詞,一般,*,*,*,*,*,ストレス,ストレス,1/4,*
腫大,,,8500,名詞,一般,*,*,*,*,*,シュダイ,シュダイ,1/3,*
熱発,,,8500,名詞,一般,*,*,*,*,*,ネツハツ,ネツハツ,1/4,*
低血糖症状,,,8500,名詞,一般,*,*,*,*,*,テイケットウショウジョウ,テイケットウショウジョウ,1/10,*
尿路感染,,,8500,名詞,一般,*,*,*,*,*,ニョウロカンセン,ニョウロカンセン,1/7,*
食欲低下,,,8500,名詞,一般,*,*,*,*,*,ショクヨクテイカ,ショクヨクテイカ,1/7,*
精神症状,,,8500,名詞,一般,*,*,*,*,*,セイシンショウジョウ,セイシンショウジョウ,1/8,*
吐き気,,,8500,名詞,一般,*,*,*,*,*,ハキケ,ハキケ,1/3,*
石灰化,,,8500,名詞,一般,*,*,*,*,*,セッカイカ,セッカイカ,1/5,*
癒着,,,8500,名詞,一般,*,*,*,*,*,ユチャク,ユチャク,1/3,*
転倒転落,,,8500,名詞,一般,*,*,*,*,*,テントウテンラク,テントウテンラク,1/8,*
神経障害,,,8500,名詞,一般,*,*,*,*,*,シンケイショウガイ,シンケイショウガイ,1/8,*
胃部不快感,,,8500,名詞,一般,*,*,*,*,*,イブフカイカン,イブフカイカン,1/7,*
頻脈,,,8500,名詞,一般,*,*,*,*,*,ヒンミャク,ヒンミャク,1/4,*
ＤＭ,,,8500,名詞,一般,*,*,*,*,*,ディーエム,ディーエム,1/4,*
普通便,,,8500,名詞,一般,*,*,*,*,*,フツウベン,フツウベン,1/5,*
創部痛,,,8500,名詞,一般,*,*,*,*,*,ソウブツウ,ソウブツウ,1/5,*
萎縮,,,8500,名詞,一般,*,*,*,*,*,イシュク,イシュク,1/3,*
痺れ,,,8500,名詞,一般,*,*,*,*,*,シビレ,シビレ,1/3,*
眩暈,,,8500,名詞,一般,*,*,*,*,*,メマイ,メマイ,1/3,*
有意狭窄,,,8500,名詞,一般,*,*,*,*,*,ユウイキョウサク,ユウイキョウサク,1/7,*
血管炎,,,8500,名詞,一般,*,*,*,*,*,ケッカンエン,ケッカンエン,1/6,*
湿性咳嗽,,,8500,名詞,一般,*,*,*,*,*,シッセイガイソウ,シッセイガイソウ,1/8,*
結石,,,8500,名詞,一般,*,*,*,*,*,ケッセキ,ケッセキ,1/4,*
末梢冷感,,,8500,名詞,一般,*,*,*,*,*,マッショウレイカン,マッショウレイカン,1/8,*
冷感,,,8500,名詞,一般,*,*,*,*,*,レイカン,レイカン,1/4,*
創痛,,,8500,名詞,一般,*,*,*,*,*,ソウツウ,ソウツウ,1/4,*
嚢胞,,,8500,名詞,一般,*,*,*,*,*,ノウホウ,ノウホウ,1/4,*
熱型,,,8500,名詞,一般,*,*,*,*,*,ネツケイ,ネツケイ,1/4,*
性状,,,8500,名詞,一般,*,*,*,*,*,セイジョウ,セイジョウ,1/4,*
前立腺肥大,,,8500,名詞,一般,*,*,*,*,*,ゼンリツセンヒダイ,ゼンリツセンヒダイ,1/9,*
貯留,,,8500,名詞,一般,*,*,*,*,*,チョリュウ,チョリュウ,1/3,*
急性期問題なし,,,8500,名詞,一般,*,*,*,*,*,キュウセイキモンダイナシ,キュウセイキモンダイナシ,1/11,*
びらん,,,8500,名詞,一般,*,*,*,*,*,ビラン,ビラン,1/3,*
心雑音なし,,,8500,名詞,一般,*,*,*,*,*,シンザツオンナシ,シンザツオンナシ,1/8,*
下腹部痛,,,8500,名詞,一般,*,*,*,*,*,カフクブツウ,カフクブツウ,1/6,*
吐気,,,8500,名詞,一般,*,*,*,*,*,トキ,トキ,1/2,*
肝硬変,,,8500,名詞,一般,*,*,*,*,*,カンコウヘン,カンコウヘン,1/6,*
蕁麻疹,,,8500,名詞,一般,*,*,*,*,*,ジンマシン,ジンマシン,1/5,*
卵巣嚢腫,,,8500,名詞,一般,*,*,*,*,*,ランソウノウシュ,ランソウノウシュ,1/7,*
体調不良,,,8500,名詞,一般,*,*,*,*,*,タイチョウフリョウ,タイチョウフリョウ,1/7,*
虚血,,,8500,名詞,一般,*,*,*,*,*,キョケツ,キョケツ,1/3,*
褥瘡発生,,,8500,名詞,一般,*,*,*,*,*,ジョクソウハッセイ,ジョクソウハッセイ,1/8,*
転落,,,8500,名詞,一般,*,*,*,*,*,テンラク,テンラク,1/4,*
原発巣,,,8500,名詞,一般,*,*,*,*,*,ゲンパツソウ,ゲンパツソウ,1/6,*
自発痛,,,8500,名詞,一般,*,*,*,*,*,ジハツツウ,ジハツツウ,1/5,*
起立性低血圧,,,8500,名詞,一般,*,*,*,*,*,キリツセイテイケツアツ,キリツセイテイケツアツ,1/11,*
感染兆候,,,8500,名詞,一般,*,*,*,*,*,カンセンチョウコウ,カンセンチョウコウ,1/8,*
鼻出血,,,8500,名詞,一般,*,*,*,*,*,ビシュッケツ,ビシュッケツ,1/5,*
胆嚢炎,,,8500,名詞,一般,*,*,*,*,*,タンノウエン,タンノウエン,1/6,*
局所再発,,,8500,名詞,一般,*,*,*,*,*,キョクショサイハツ,キョクショサイハツ,1/7,*
拡張型心筋症,,,8500,名詞,一般,*,*,*,*,*,カクチョウガタシンキンショウ,カクチョウガタシンキンショウ,1/12,*
肺高血圧,,,8500,名詞,一般,*,*,*,*,*,ハイコウケツアツ,ハイコウケツアツ,1/8,*
不安感,,,8500,名詞,一般,*,*,*,*,*,フアンカン,フアンカン,1/5,*
皮膚硬化,,,8500,名詞,一般,*,*,*,*,*,ヒフコウカ,ヒフコウカ,1/5,*
低Ｋ血症,,,8500,名詞,一般,*,*,*,*,*,テイカリウムケッショウ,テイカリウムケッショウ,1/10,*
耳鳴,,,8500,名詞,一般,*,*,*,*,*,ジメイ,ジメイ,1/3,*
皮膚症状,,,8500,名詞,一般,*,*,*,*,*,ヒフショウジョウ,ヒフショウジョウ,1/6,*
慢性期問題なし,,,8500,名詞,一般,*,*,*,*,*,マンセイキモンダイナシ,マンセイキモンダイナシ,1/11,*
腫脹なし,,,8500,名詞,一般,*,*,*,*,*,シュチョウナシ,シュチョウナシ,1/5,*
急性期,,,8500,名詞,一般,*,*,*,*,*,キュウセイキ,キュウセイキ,1/5,*
低血圧,,,8500,名詞,一般,*,*,*,*,*,テイケツアツ,テイケツアツ,1/6,*
結節影,,,8500,名詞,一般,*,*,*,*,*,ケッセツエイ,ケッセツエイ,1/6,*
脳転移,,,8500,名詞,一般,*,*,*,*,*,ノウテンイ,ノウテンイ,1/5,*
炎症細胞浸潤,,,8500,名詞,一般,*,*,*,*,*,エンショウサイボウシンジュン,エンショウサイボウシンジュン,1/12,*
高Ｋ血症,,,8500,名詞,一般,*,*,*,*,*,コウカリウムケッショウ,コウカリウムケッショウ,1/10,*
肥厚,,,8500,名詞,一般,*,*,*,*,*,ヒコウ,ヒコウ,1/3,*
梗塞,,,8500,名詞,一般,*,*,*,*,*,コウソク,コウソク,1/4,*
不調,,,8500,名詞,一般,*,*,*,*,*,フチョウ,フチョウ,1/3,*
腫瘍性病変,,,8500,名詞,一般,*,*,*,*,*,シュヨウセイビョウヘン,シュヨウセイビョウヘン,1/9,*
小結節,,,8500,名詞,一般,*,*,*,*,*,ショウケッセツ,ショウケッセツ,1/6,*
腹満,,,8500,名詞,一般,*,*,*,*,*,フクマン,フクマン,1/4,*
巧緻性訓練,,,8500,名詞,一般,*,*,*,*,*,コウチセイクンレン,コウチセイクンレン,1/9,*
反跳痛,,,8500,名詞,一般,*,*,*,*,*,ハンチョウツウ,ハンチョウツウ,1/6,*
不快感,,,8500,名詞,一般,*,*,*,*,*,フカイカン,フカイカン,1/5,*
尿失禁,,,8500,名詞,一般,*,*,*,*,*,ニョウシッキン,ニョウシッキン,1/6,*
喘息発作,,,8500,名詞,一般,*,*,*,*,*,ゼンソクホッサ,ゼンソクホッサ,1/7,*
アレルギー症状,,,8500,名詞,一般,*,*,*,*,*,アレルギーショウジョウ,アレルギーショウジョウ,1/9,*
腎症,,,8500,名詞,一般,*,*,*,*,*,ジンショウ,ジンショウ,1/4,*
低Ｎａ血症,,,8500,名詞,一般,*,*,*,*,*,テイナトリウムケッショウ,テイナトリウムケッショウ,1/11,*
イレウス症状,,,8500,名詞,一般,*,*,*,*,*,イレウスショウジョウ,イレウスショウジョウ,1/8,*
不眠時,,,8500,名詞,一般,*,*,*,*,*,フミンジ,フミンジ,1/4,*
溶血影,,,8500,名詞,一般,*,*,*,*,*,ヨウケツエイ,ヨウケツエイ,1/6,*
ＤＶＴ,,,8500,名詞,一般,*,*,*,*,*,ディーブイティー,ディーブイティー,1/6,*
悪性所見,,,8500,名詞,一般,*,*,*,*,*,アクセイショケン,アクセイショケン,1/7,*
多発骨転移,,,8500,名詞,一般,*,*,*,*,*,タハツコツテンイ,タハツコツテンイ,1/8,*
最終発作,,,8500,名詞,一般,*,*,*,*,*,サイシュウホッサ,サイシュウホッサ,1/7,*
皮膚病変,,,8500,名詞,一般,*,*,*,*,*,ヒフビョウヘン,ヒフビョウヘン,1/6,*
肺雑音なし,,,8500,名詞,一般,*,*,*,*,*,ハイザツオンナシ,ハイザツオンナシ,1/8,*
水疱,,,8500,名詞,一般,*,*,*,*,*,スイホウ,スイホウ,1/4,*
体熱感,,,8500,名詞,一般,*,*,*,*,*,タイネッカン,タイネッカン,1/6,*
呼吸器症状,,,8500,名詞,一般,*,*,*,*,*,コキュウキショウジョウ,コキュウキショウジョウ,1/8,*
活気,,,8500,名詞,一般,*,*,*,*,*,カッキ,カッキ,1/3,*
Ａｆ,,,8500,名詞,一般,*,*,*,*,*,エーエフ,エーエフ,1/4,*
新出病変,,,8500,名詞,一般,*,*,*,*,*,シンシュビョウヘン,シンシュビョウヘン,1/7,*
心不全症状,,,8500,名詞,一般,*,*,*,*,*,シンフゼンショウジョウ,シンフゼンショウジョウ,1/9,*
動脈硬化,,,8500,名詞,一般,*,*,*,*,*,ドウミャクコウカ,ドウミャクコウカ,1/7,*
発汗,,,8500,名詞,一般,*,*,*,*,*,ハッカン,ハッカン,1/4,*
掻痒,,,8500,名詞,一般,*,*,*,*,*,ソウヨウ,ソウヨウ,1/4,*
薬剤性肝障害,,,8500,名詞,一般,*,*,*,*,*,ヤクザイセイカンショウガイ,ヤクザイセイカンショウガイ,1/12,*
軽度発赤,,,8500,名詞,一般,*,*,*,*,*,ケイドホッセキ,ケイドホッセキ,1/7,*
右胸水,,,8500,名詞,一般,*,*,*,*,*,ミギキョウスイ,ミギキョウスイ,1/6,*
無症状,,,8500,名詞,一般,*,*,*,*,*,ムショウジョウ,ムショウジョウ,1/5,*
遠隔転移,,,8500,名詞,一般,*,*,*,*,*,エンカクテンイ,エンカクテンイ,1/7,*
創部問題なし,,,8500,名詞,一般,*,*,*,*,*,ソウブモンダイナシ,ソウブモンダイナシ,1/9,*
熟眠感,,,8500,名詞,一般,*,*,*,*,*,ジュクミンカン,ジュクミンカン,1/6,*
播種,,,8500,名詞,一般,*,*,*,*,*,ハシュ,ハシュ,1/2,*
疲労,,,8500,名詞,一般,*,*,*,*,*,ヒロウ,ヒロウ,1/3,*
壁肥厚,,,8500,名詞,一般,*,*,*,*,*,ヘキヒコウ,ヘキヒコウ,1/5,*
止血,,,8500,名詞,一般,*,*,*,*,*,シケツ,シケツ,1/3,*
陥没呼吸,,,8500,名詞,一般,*,*,*,*,*,カンボツコキュウ,カンボツコキュウ,1/7,*
ＣＫＤ,,,8500,名詞,一般,*,*,*,*,*,シーケーディー,シーケーディー,1/6,*
薬剤性,,,8500,名詞,一般,*,*,*,*,*,ヤクザイセイ,ヤクザイセイ,1/6,*
入眠困難,,,8500,名詞,一般,*,*,*,*,*,ニュウミンコンナン,ニュウミンコンナン,1/8,*
発赤なし,,,8500,名詞,一般,*,*,*,*,*,ホッセキナシ,ホッセキナシ,1/6,*
通過障害,,,8500,名詞,一般,*,*,*,*,*,ツウカショウガイ,ツウカショウガイ,1/7,*
異常無し,,,8500,名詞,一般,*,*,*,*,*,イジョウナシ,イジョウナシ,1/5,*
ＳＬＥ,,,8500,名詞,一般,*,*,*,*,*,エスエルイー,エスエルイー,1/6,*
熱感なし,,,8500,名詞,一般,*,*,*,*,*,ネッカンナシ,ネッカンナシ,1/6,*
閉塞性障害,,,8500,名詞,一般,*,*,*,*,*,ヘイソクセイショウガイ,ヘイソクセイショウガイ,1/10,*
皮疹なし,,,8500,名詞,一般,*,*,*,*,*,ヒシンナシ,ヒシンナシ,1/5,*
病気,,,8500,名詞,一般,*,*,*,*,*,ビョウキ,ビョウキ,1/3,*
酸素化不良,,,8500,名詞,一般,*,*,*,*,*,サンソカフリョウ,サンソカフリョウ,1/7,*
悪性所見なし,,,8500,名詞,一般,*,*,*,*,*,アクセイショケンナシ,アクセイショケンナシ,1/9,*
便秘気味,,,8500,名詞,一般,*,*,*,*,*,ベンピギミ,ベンピギミ,1/5,*
異常連絡,,,8500,名詞,一般,*,*,*,*,*,イジョウレンラク,イジョウレンラク,1/7,*
糖尿病性網膜症,,,8500,名詞,一般,*,*,*,*,*,トウニョウビョウセイモウマクショウ,トウニョウビョウセイモウマクショウ,1/14,*
膨隆,,,8500,名詞,一般,*,*,*,*,*,ボウリュウ,ボウリュウ,1/4,*
乾性咳嗽,,,8500,名詞,一般,*,*,*,*,*,カンセイガイソウ,カンセイガイソウ,1/8,*
左水腎症,,,8500,名詞,一般,*,*,*,*,*,ヒダリスイジンショウ,ヒダリスイジンショウ,1/9,*
異常感覚,,,8500,名詞,一般,*,*,*,*,*,イジョウカンカク,イジョウカンカク,1/7,*
自尿,,,8500,名詞,一般,*,*,*,*,*,ジニョウ,ジニョウ,1/3,*
叩打痛,,,8500,名詞,一般,*,*,*,*,*,コウダツウ,コウダツウ,1/5,*
膵嚢胞,,,8500,名詞,一般,*,*,*,*,*,スイノウホウ,スイノウホウ,1/6,*
感染源,,,8500,名詞,一般,*,*,*,*,*,カンセンゲン,カンセンゲン,1/6,*
末梢冷感なし,,,8500,名詞,一般,*,*,*,*,*,マッショウレイカンナシ,マッショウレイカンナシ,1/10,*
再狭窄,,,8500,名詞,一般,*,*,*,*,*,サイキョウサク,サイキョウサク,1/6,*
多発リンパ節転移,,,8500,名詞,一般,*,*,*,*,*,タハツリンパセツテンイ,タハツリンパセツテンイ,1/11,*
口渇,,,8500,名詞,一般,*,*,*,*,*,コウカツ,コウカツ,1/4,*
失語,,,8500,名詞,一般,*,*,*,*,*,シツゴ,シツゴ,1/3,*
成人問題なし,,,8500,名詞,一般,*,*,*,*,*,セイジンモンダイナシ,セイジンモンダイナシ,1/10,*
血管内脱水,,,8500,名詞,一般,*,*,*,*,*,ケッカンナイダッスイ,ケッカンナイダッスイ,1/10,*
肺病変,,,8500,名詞,一般,*,*,*,*,*,ハイビョウヘン,ハイビョウヘン,1/6,*
肝機能異常,,,8500,名詞,一般,*,*,*,*,*,カンキノウイジョウ,カンキノウイジョウ,1/8,*
意識消失発作,,,8500,名詞,一般,*,*,*,*,*,イシキショウシツホッサ,イシキショウシツホッサ,1/10,*
夜間不眠,,,8500,名詞,一般,*,*,*,*,*,ヤカンフミン,ヤカンフミン,1/6,*
血栓症,,,8500,名詞,一般,*,*,*,*,*,ケッセンショウ,ケッセンショウ,1/6,*
占拠性病変,,,8500,名詞,一般,*,*,*,*,*,センキョセイビョウヘン,センキョセイビョウヘン,1/9,*
脂質異常,,,8500,名詞,一般,*,*,*,*,*,シシツイジョウ,シシツイジョウ,1/6,*
右水腎症,,,8500,名詞,一般,*,*,*,*,*,ミギスイジンショウ,ミギスイジンショウ,1/8,*
炎症反応,,,8500,名詞,一般,*,*,*,*,*,エンショウハンノウ,エンショウハンノウ,1/8,*
尿管結石,,,8500,名詞,一般,*,*,*,*,*,ニョウカンケッセキ,ニョウカンケッセキ,1/8,*
身体症状,,,8500,名詞,一般,*,*,*,*,*,シンタイショウジョウ,シンタイショウジョウ,1/8,*
冠動脈狭窄,,,8500,名詞,一般,*,*,*,*,*,カンドウミャクキョウサク,カンドウミャクキョウサク,1/10,*
インスリン非依存状態,,,8500,名詞,一般,*,*,*,*,*,インスリンヒイゾンジョウタイ,インスリンヒイゾンジョウタイ,1/13,*
胸部圧迫感,,,8500,名詞,一般,*,*,*,*,*,キョウブアッパクカン,キョウブアッパクカン,1/9,*
腰背部痛,,,8500,名詞,一般,*,*,*,*,*,ヨウハイブツウ,ヨウハイブツウ,1/7,*
異常集積,,,8500,名詞,一般,*,*,*,*,*,イジョウシュウセキ,イジョウシュウセキ,1/7,*
高度狭窄,,,8500,名詞,一般,*,*,*,*,*,コウドキョウサク,コウドキョウサク,1/7,*
異型,,,8500,名詞,一般,*,*,*,*,*,イケイ,イケイ,1/3,*
ＣＯＰＤ,,,8500,名詞,一般,*,*,*,*,*,シーオーピーディー,シーオーピーディー,1/8,*
胆嚢癌,,,8500,名詞,一般,*,*,*,*,*,タンノウガン,タンノウガン,1/6,*
網状影,,,8500,名詞,一般,*,*,*,*,*,モウジョウエイ,モウジョウエイ,1/6,*
腸蠕動音正常,,,8500,名詞,一般,*,*,*,*,*,チョウゼンドウオンセイジョウ,チョウゼンドウオンセイジョウ,1/12,*
中等度,,,8500,名詞,一般,*,*,*,*,*,チュウトウド,チュウトウド,1/5,*
異型細胞,,,8500,名詞,一般,*,*,*,*,*,イケイサイボウ,イケイサイボウ,1/7,*
逆血,,,8500,名詞,一般,*,*,*,*,*,ギャッケツ,ギャッケツ,1/4,*
下肢疼痛,,,8500,名詞,一般,*,*,*,*,*,カシトウツウ,カシトウツウ,1/6,*
ヘルニア,,,8500,名詞,一般,*,*,*,*,*,ヘルニア,ヘルニア,1/4,*
皮膚障害,,,8500,名詞,一般,*,*,*,*,*,ヒフショウガイ,ヒフショウガイ,1/6,*
腺腫,,,8500,名詞,一般,*,*,*,*,*,センシュ,センシュ,1/3,*
昼夜逆転,,,8500,名詞,一般,*,*,*,*,*,チュウヤギャクテン,チュウヤギャクテン,1/7,*
意識レベル,,,8500,名詞,一般,*,*,*,*,*,イシキレベル,イシキレベル,1/6,*
異常運動,,,8500,名詞,一般,*,*,*,*,*,イジョウウンドウ,イジョウウンドウ,1/7,*
圧迫感,,,8500,名詞,一般,*,*,*,*,*,アッパクカン,アッパクカン,1/6,*
嚢胞性病変,,,8500,名詞,一般,*,*,*,*,*,ノウホウセイビョウヘン,ノウホウセイビョウヘン,1/10,*
炎症所見,,,8500,名詞,一般,*,*,*,*,*,エンショウショケン,エンショウショケン,1/7,*
眼瞼下垂,,,8500,名詞,一般,*,*,*,*,*,ガンケンカスイ,ガンケンカスイ,1/7,*
易感染状態,,,8500,名詞,一般,*,*,*,*,*,イカンセンジョウタイ,イカンセンジョウタイ,1/9,*
刺入部痛,,,8500,名詞,一般,*,*,*,*,*,シニュウブツウ,シニュウブツウ,1/6,*
ＨＴ,,,8500,名詞,一般,*,*,*,*,*,エイチティー,エイチティー,1/5,*
内膜症,,,8500,名詞,一般,*,*,*,*,*,ナイマクショウ,ナイマクショウ,1/6,*
労作時息切れ,,,8500,名詞,一般,*,*,*,*,*,ロウサジイキギレ,ロウサジイキギレ,1/8,*
胸腹水,,,8500,名詞,一般,*,*,*,*,*,キョウフクスイ,キョウフクスイ,1/6,*
頸部痛,,,8500,名詞,一般,*,*,*,*,*,ケイブツウ,ケイブツウ,1/5,*
運動障害,,,8500,名詞,一般,*,*,*,*,*,ウンドウショウガイ,ウンドウショウガイ,1/8,*
淡血性,,,8500,名詞,一般,*,*,*,*,*,タンケツセイ,タンケツセイ,1/6,*
感染症状,,,8500,名詞,一般,*,*,*,*,*,カンセンショウジョウ,カンセンショウジョウ,1/8,*
異常陰影,,,8500,名詞,一般,*,*,*,*,*,イジョウインエイ,イジョウインエイ,1/7,*
脊柱管狭窄,,,8500,名詞,一般,*,*,*,*,*,セキチュウカンキョウサク,セキチュウカンキョウサク,1/10,*
切迫症状,,,8500,名詞,一般,*,*,*,*,*,セッパクショウジョウ,セッパクショウジョウ,1/8,*
両下腿浮腫,,,8500,名詞,一般,*,*,*,*,*,リョウカタイフシュ,リョウカタイフシュ,1/7,*
副腎不全,,,8500,名詞,一般,*,*,*,*,*,フクジンフゼン,フクジンフゼン,1/7,*
痰がらみ,,,8500,名詞,一般,*,*,*,*,*,タンガラミ,タンガラミ,1/5,*
創部発赤,,,8500,名詞,一般,*,*,*,*,*,ソウブホッセキ,ソウブホッセキ,1/7,*
陰性Ｔ波,,,8500,名詞,一般,*,*,*,*,*,インセイティーハ,インセイティーハ,1/7,*
ＨＣＣ再発,,,8500,名詞,一般,*,*,*,*,*,エイチシーシーサイハツ,エイチシーシーサイハツ,1/11,*
気分不良,,,8500,名詞,一般,*,*,*,*,*,キブンフリョウ,キブンフリョウ,1/6,*
昇圧症状,,,8500,名詞,一般,*,*,*,*,*,ショウアツショウジョウ,ショウアツショウジョウ,1/8,*
胃部不快,,,8500,名詞,一般,*,*,*,*,*,イブフカイ,イブフカイ,1/5,*
３枝病変,,,8500,名詞,一般,*,*,*,*,*,サンシビョウヘン,サンシビョウヘン,1/7,*
血管痛,,,8500,名詞,一般,*,*,*,*,*,ケッカンツウ,ケッカンツウ,1/6,*
悪性疾患,,,8500,名詞,一般,*,*,*,*,*,アクセイシッカン,アクセイシッカン,1/8,*
軽度疼痛,,,8500,名詞,一般,*,*,*,*,*,ケイドトウツウ,ケイドトウツウ,1/7,*
臨床症状,,,8500,名詞,一般,*,*,*,*,*,リンショウショウジョウ,リンショウショウジョウ,1/8,*
再発転移,,,8500,名詞,一般,*,*,*,*,*,サイハツテンイ,サイハツテンイ,1/7,*
頭蓋内出血,,,8500,名詞,一般,*,*,*,*,*,ズガイナイシュッケツ,ズガイナイシュッケツ,1/9,*
関節症状,,,8500,名詞,一般,*,*,*,*,*,カンセツショウジョウ,カンセツショウジョウ,1/8,*
急性胆嚢炎,,,8500,名詞,一般,*,*,*,*,*,キュウセイタンノウエン,キュウセイタンノウエン,1/10,*
異常所見なし,,,8500,名詞,一般,*,*,*,*,*,イジョウショケンナシ,イジョウショケンナシ,1/8,*
痛く,,,8500,名詞,一般,*,*,*,*,*,イタク,イタク,1/3,*
新規病変,,,8500,名詞,一般,*,*,*,*,*,シンキビョウヘン,シンキビョウヘン,1/7,*
粘膜障害,,,8500,名詞,一般,*,*,*,*,*,ネンマクショウガイ,ネンマクショウガイ,1/8,*
意欲低下,,,8500,名詞,一般,*,*,*,*,*,イヨクテイカ,イヨクテイカ,1/6,*
陰性症状,,,8500,名詞,一般,*,*,*,*,*,インセイショウジョウ,インセイショウジョウ,1/8,*
筋痛,,,8500,名詞,一般,*,*,*,*,*,キンツウ,キンツウ,1/4,*
ＣＶＡ叩打痛,,,8500,名詞,一般,*,*,*,*,*,シーブイエーコウダツウ,シーブイエーコウダツウ,1/11,*
便性状,,,8500,名詞,一般,*,*,*,*,*,ベンセイジョウ,ベンセイジョウ,1/6,*
破水感,,,8500,名詞,一般,*,*,*,*,*,ハスイカン,ハスイカン,1/5,*
皮膚統合性,,,8500,名詞,一般,*,*,*,*,*,ヒフトウゴウセイ,ヒフトウゴウセイ,1/8,*
１型糖尿除,,,8500,名詞,一般,*,*,*,*,*,イチガタトウニョウビョウ,イチガタトウニョウビョウ,1/10,*
子宮内膜症性嚢胞,,,8500,名詞,一般,*,*,*,*,*,シキュウナイマクショウセイノウホウ,シキュウナイマクショウセイノウホウ,1/15,*
憩室出血,,,8500,名詞,一般,*,*,*,*,*,ケイシツシュッケツ,ケイシツシュッケツ,1/8,*
皮膚発赤,,,8500,名詞,一般,*,*,*,*,*,ヒフホッセキ,ヒフホッセキ,1/6,*
睡眠時無呼吸,,,8500,名詞,一般,*,*,*,*,*,スイミンジムコキュウ,スイミンジムコキュウ,1/9,*
膝痛,,,8500,名詞,一般,*,*,*,*,*,シッツウ,シッツウ,1/4,*
随伴症状,,,8500,名詞,一般,*,*,*,*,*,ズイハンショウジョウ,ズイハンショウジョウ,1/8,*
クモ膜下出血,,,8500,名詞,一般,*,*,*,*,*,クモマクカシュッケツ,クモマクカシュッケツ,1/9,*
粒状影,,,8500,名詞,一般,*,*,*,*,*,リュウジョウエイ,リュウジョウエイ,1/6,*
腫瘤影,,,8500,名詞,一般,*,*,*,*,*,シュリュウエイ,シュリュウエイ,1/5,*
胸部痛,,,8500,名詞,一般,*,*,*,*,*,キョウブツウ,キョウブツウ,1/5,*
疼痛時,,,8500,名詞,一般,*,*,*,*,*,トウツウジ,トウツウジ,1/5,*
転移巣,,,8500,名詞,一般,*,*,*,*,*,テンイソウ,テンイソウ,1/5,*
すりガラス影,,,8500,名詞,一般,*,*,*,*,*,スリガラス,スリガラス,1/5,*
苦痛症状,,,8500,名詞,一般,*,*,*,*,*,クツウショウジョウ,クツウショウジョウ,1/7,*
興奮,,,8500,名詞,一般,*,*,*,*,*,コウフン,コウフン,1/4,*
発語,,,8500,名詞,一般,*,*,*,*,*,ハツゴ,ハツゴ,1/3,*
汎血球減少,,,8500,名詞,一般,*,*,*,*,*,ハンケツキュウゲンショウ,ハンケツキュウゲンショウ,1/10,*
肺雑なし,,,8500,名詞,一般,*,*,*,*,*,ハイザツナシ,ハイザツナシ,1/6,*
息苦しさ,,,8500,名詞,一般,*,*,*,*,*,イキグルシサ,イキグルシサ,1/6,*
呼吸抑制,,,8500,名詞,一般,*,*,*,*,*,コキュウヨクセイ,コキュウヨクセイ,1/7,*
左片麻痺,,,8500,名詞,一般,*,*,*,*,*,ヒダリカタマヒ,ヒダリカタマヒ,1/7,*
高Ｃａ血症,,,8500,名詞,一般,*,*,*,*,*,コウカルシウムケッショウ,コウカルシウムケッショウ,1/11,*
便秘時,,,8500,名詞,一般,*,*,*,*,*,ベンピジ,ベンピジ,1/4,*
憩室炎,,,8500,名詞,一般,*,*,*,*,*,ケイシツエン,ケイシツエン,1/6,*
左下肢痛,,,8500,名詞,一般,*,*,*,*,*,ヒダリカシツウ,ヒダリカシツウ,1/7,*
落屑,,,8500,名詞,一般,*,*,*,*,*,ラクセツ,ラクセツ,1/4,*
細菌感染,,,8500,名詞,一般,*,*,*,*,*,サイキンカンセン,サイキンカンセン,1/8,*
索状影,,,8500,名詞,一般,*,*,*,*,*,サクジョウエイ,サクジョウエイ,1/6,*
心不全徴候,,,8500,名詞,一般,*,*,*,*,*,シンフゼンチョウコウ,シンフゼンチョウコウ,1/9,*
右季肋部痛,,,8500,名詞,一般,*,*,*,*,*,ミギキロクブツウ,ミギキロクブツウ,1/8,*
右鼠径ヘルニア,,,8500,名詞,一般,*,*,*,*,*,ミギソケイヘルニア,ミギソケイヘルニア,1/9,*
多発子宮筋腫,,,8500,名詞,一般,*,*,*,*,*,タハツシキュウキンシュ,タハツシキュウキンシュ,1/9,*
右下肢痛,,,8500,名詞,一般,*,*,*,*,*,ミギカシツウ,ミギカシツウ,1/6,*
間歇性跛行,,,8500,名詞,一般,*,*,*,*,*,カンケツセイハコウ,カンケツセイハコウ,1/9,*
両腎嚢胞,,,8500,名詞,一般,*,*,*,*,*,リョウジンノウホウ,リョウジンノウホウ,1/8,*
評価困難,,,8500,名詞,一般,*,*,*,*,*,ヒョウカコンナン,ヒョウカコンナン,1/7,*
左腎結石,,,8500,名詞,一般,*,*,*,*,*,サジンケッセキ,サジンケッセキ,1/7,*
不安表出,,,8500,名詞,一般,*,*,*,*,*,フアンヒョウシュツ,フアンヒョウシュツ,1/7,*
左卵巣嚢腫,,,8500,名詞,一般,*,*,*,*,*,ヒダリランソウノウシュ,ヒダリランソウノウシュ,1/10,*
拘縮,,,8500,名詞,一般,*,*,*,*,*,コウシュク,コウシュク,1/4,*
自己喀痰,,,8500,名詞,一般,*,*,*,*,*,ジコカクタン,ジコカクタン,1/6,*
痛む,,,8500,名詞,一般,*,*,*,*,*,イタム,イタム,1/3,*
手技問題なし,,,8500,名詞,一般,*,*,*,*,*,シュギモンダイナシ,シュギモンダイナシ,1/8,*
横紋筋融解症,,,8500,名詞,一般,*,*,*,*,*,キンユウカイショウ,キンユウカイショウ,1/8,*
左膝痛,,,8500,名詞,一般,*,*,*,*,*,ヒダリヒザツウ,ヒダリヒザツウ,1/7,*
器質的疾患,,,8500,名詞,一般,*,*,*,*,*,キシツテキシッカン,キシツテキシッカン,1/9,*
乾燥,,,8500,名詞,一般,*,*,*,*,*,カンソウ,カンソウ,1/4,*
腎症２期,,,8500,名詞,一般,*,*,*,*,*,ジンショウニキ,ジンショウニキ,1/6,*
慢性炎症,,,8500,名詞,一般,*,*,*,*,*,マンセイエンショウ,マンセイエンショウ,1/8,*
状態不変,,,8500,名詞,一般,*,*,*,*,*,ジョウタイフヘン,ジョウタイフヘン,1/7,*
頭蓋内病変,,,8500,名詞,一般,*,*,*,*,*,ズガイナイビョウヘン,ズガイナイビョウヘン,1/9,*
右腎癌,,,8500,名詞,一般,*,*,*,*,*,ウジンガン,ウジンガン,1/5,*
症候群,,,8500,名詞,一般,*,*,*,*,*,ショウコウグン,ショウコウグン,1/6,*
問題行動,,,8500,名詞,一般,*,*,*,*,*,モンダイコウドウ,モンダイコウドウ,1/8,*
鎮痛,,,8500,名詞,一般,*,*,*,*,*,チンツウ,チンツウ,1/4,*
体調不変,,,8500,名詞,一般,*,*,*,*,*,タイチョウフヘン,タイチョウフヘン,1/7,*
環軸椎亜脱臼,,,8500,名詞,一般,*,*,*,*,*,カンジクツイアダッキュウ,カンジクツイアダッキュウ,1/11,*
異型性,,,8500,名詞,一般,*,*,*,*,*,イケイセイ,イケイセイ,1/5,*
重度嚥下障害,,,8500,名詞,一般,*,*,*,*,*,ジュウドエンゲショウガイ,ジュウドエンゲショウガイ,1/10,*
下痢気味,,,8500,名詞,一般,*,*,*,*,*,ゲリギミ,ゲリギミ,1/4,*
頸部リンパ節腫脹,,,8500,名詞,一般,*,*,*,*,*,ケイブリンパセツシュチョウ,ケイブリンパセツシュチョウ,1/11,*
自発呼吸,,,8500,名詞,一般,*,*,*,*,*,ジハツコキュウ,ジハツコキュウ,1/6,*
潜在性甲状腺機能低下症,,,8500,名詞,一般,*,*,*,*,*,センザイセイコウジョウセンキノウテイカショウ,センザイセイコウジョウセンキノウテイカショウ,1/20,*
心臓病,,,8500,名詞,一般,*,*,*,*,*,シンゾウビョウ,シンゾウビョウ,1/6,*
眼症状,,,8500,名詞,一般,*,*,*,*,*,ガンショウジョウ,ガンショウジョウ,1/6,*
吃逆,,,8500,名詞,一般,*,*,*,*,*,キツギャク,キツギャク,1/4,*
けいれん発作,,,8500,名詞,一般,*,*,*,*,*,ケイレンホッサ,ケイレンホッサ,1/7,*
左腎嚢胞,,,8500,名詞,一般,*,*,*,*,*,サジンノウホウ,サジンノウホウ,1/7,*
筋萎縮,,,8500,名詞,一般,*,*,*,*,*,キンイシュク,キンイシュク,1/5,*
問題なし不良,,,8500,名詞,一般,*,*,*,*,*,モンダイナシフリョウ,モンダイナシフリョウ,1/9,*
ふらつく,,,8500,名詞,一般,*,*,*,*,*,フラツク,フラツク,1/4,*
肉芽腫,,,8500,名詞,一般,*,*,*,*,*,ニクガシュ,ニクガシュ,1/4,*
右鼡径ヘルニア,,,8500,名詞,一般,*,*,*,*,*,ミギソケイヘルニア,ミギソケイヘルニア,1/9,*
創部感染徴候,,,8500,名詞,一般,*,*,*,*,*,ソウブカンセンチョウコウ,ソウブカンセンチョウコウ,1/11,*
腹緊,,,8500,名詞,一般,*,*,*,*,*,フクキン,フクキン,1/4,*
せん妄状態,,,8500,名詞,一般,*,*,*,*,*,センモウジョウタイ,センモウジョウタイ,1/8,*
膀胱炎症状,,,8500,名詞,一般,*,*,*,*,*,ボウコウエンショウジョウ,ボウコウエンショウジョウ,1/10,*